Voltage_measured,Current_measured,Temperature_measured,Current_charge,Voltage_charge,Time,SoC,SoH
3.647842266057244,-0.0013496298103834,30.37677905152779,-0.002,0.003,0.0,-0.0,86.15884858400479
3.34157125606709,-3.78388997609184,30.359497633866063,-3.772,1.506,2.563,-0.15633446193521486,86.15884858400479
3.749193700291769,1.5101368341893582,30.354711461585055,1.5,4.488,5.563,-0.08330381084675004,86.15884858400479
3.7606290644879854,1.5122595159428092,30.364193810736552,1.5,4.504,8.390999999999998,-0.014363482388648333,86.15884858400479
3.768370086577376,1.5095712334330933,30.353358677406263,1.498,4.515,11.235,0.054843644564156656,86.15884858400479
3.774884095878732,1.5096454642076478,30.343803331188653,1.498,4.521,14.079,0.1240541746678197,86.15884858400479
3.7801030847404338,1.511151210367106,30.32171100987162,1.498,4.526,16.969,0.1944542920371875,86.15884858400479
3.784490481145632,1.5111693413454987,30.29727482353896,1.498,4.531,19.813,0.2637346851298926,86.15884858400479
3.788427514433824,1.5104719674498237,30.270617607902714,1.498,4.531,22.672,0.33334834102232797,86.15884858400479
3.7922088360806687,1.511012598588794,30.2407378422984,1.498,4.537,25.563,0.40376635854191434,86.15884858400479
3.795706377960691,1.5105284337177902,30.215722779707136,1.5,4.542,28.422000000000004,0.47338261681521643,86.15884858400479
3.798704408101792,1.509797852568189,30.19146667327952,1.5,4.542,31.266,0.5426001332474344,86.15884858400479
3.80164972546134,1.509301398454429,30.17283964759781,1.5,4.548,34.188,0.6136926359451942,86.15884858400479
3.8041454316819903,1.5107483632826733,30.14074737409891,1.5,4.548,37.079,0.6840983392548042,86.15884858400479
3.806253289149348,1.504604395714728,30.11513175112972,1.498,4.553,39.938,0.753441574293034,86.15884858400479
3.808227556969756,1.5062665491725884,30.082079522425264,1.498,4.553,42.813,0.8232499121616265,86.15884858400479
3.810154975012688,1.5101969085688798,30.060159646771645,1.498,4.553,45.672,0.8928508913181137,86.15884858400479
3.8117485072979687,1.510652311464473,30.028865593990385,1.498,4.558,48.563,0.963252118305936,86.15884858400479
3.813411111768784,1.510141256024348,30.001317594701643,1.498,4.558,51.454,1.0336295284764996,86.15884858400479
3.814913689957873,1.5110965029811343,29.978875849024146,1.5,4.558,54.329,1.1036617118839456,86.15884858400479
3.81628427298869,1.5106368658153044,29.953137512698675,1.498,4.558,57.204,1.1736725932804117,86.15884858400479
3.81736548728052,1.5113056130542446,29.929675617851704,1.498,4.558,60.094,1.2440799038196109,86.15884858400479
3.818227788260135,1.508220776751615,29.8995775922912,1.5,4.564,63.047,1.3158751986433257,86.15884858400479
3.8192728175351554,1.511835210414376,29.87702773663609,1.5,4.564,65.954,1.3867214873573235,86.15884858400479
3.820401900759726,1.50991396772397,29.86314225770234,1.5,4.564,68.82900000000001,1.4566988658427467,86.15884858400479
3.821412537233844,1.5146011011369258,29.833921399338543,1.5,4.564,71.719,1.5272597035380753,86.15884858400479
3.8221111371743897,1.5127112467020063,29.81001856432608,1.498,4.569,74.625,1.5981226592420839,86.15884858400479
3.823154415265977,1.5096942100039668,29.77435970338103,1.5,4.569,77.532,1.6688686182824721,86.15884858400479
3.823733921547759,1.5138445579092663,29.760646814480992,1.498,4.569,80.438,1.7397846639480012,86.15884858400479
3.824561903952438,1.512979703395508,29.729926704938777,1.498,4.569,83.422,1.8125625669649041,86.15884858400479
3.8251683655137887,1.5112169137990277,29.709203814017865,1.5,4.569,86.344,1.8837452960282806,86.15884858400479
3.8260911884953424,1.507541291722568,29.693763301742383,1.498,4.569,89.25,1.9543660652003267,86.15884858400479
3.826476497410008,1.508807494215892,29.670726171262253,1.5,4.569,92.25,2.0273324290258214,86.15884858400479
3.8268749956452166,1.510329139293611,29.645341143847613,1.5,4.575,95.188,2.0988628877233175,86.15884858400479
3.827826122360078,1.5108484909989863,29.62879421584707,1.498,4.575,98.11,2.170028262997098,86.15884858400479
3.8285486000402025,1.508135702157594,29.6079972773568,1.498,4.569,101.11,2.2429621387656815,86.15884858400479
3.829152555522272,1.5085926729771004,29.592875820519843,1.5,4.575,104.063,2.3147751368325586,86.15884858400479
3.8298246591025937,1.5094082851977904,29.575316772281827,1.5,4.575,107.0,2.386237651299266,86.15884858400479
3.830266148360345,1.5131971978653806,29.55020336613828,1.5,4.575,109.985,2.4590504091984187,86.15884858400479
3.831046823151226,1.5079273080760085,29.531826118535875,1.498,4.575,112.954,2.531220661059055,86.15884858400479
3.831451318200877,1.5112608965567509,29.50958708587839,1.5,4.575,115.969,2.604671097181831,86.15884858400479
3.8321147817045222,1.5115035206698866,29.49012469252282,1.5,4.575,118.938,2.6770125085952032,86.15884858400479
3.832699045752309,1.509916783212413,29.46777045621019,1.5,4.58,121.954,2.7504219580051332,86.15884858400479
3.833502688691101,1.5080160543034964,29.445707707750888,1.5,4.58,124.985,2.8241036378279514,86.15884858400479
3.8337654636638674,1.5117494233339963,29.4304562251572,1.498,4.58,127.985,2.8972122741906676,86.15884858400479
3.834564913168257,1.5110991709672128,29.412274856222943,1.5,4.58,130.969,2.96989971914896,86.15884858400479
3.8353875030904665,1.5051714239777314,29.392597795276053,1.498,4.58,133.969,3.042690241573275,86.15884858400479
3.83613385961992,1.5110019152849157,29.365767392319743,1.5,4.58,136.969,3.1157627282320157,86.15884858400479
3.8365153288029368,1.5064557282547264,29.35665798273446,1.498,4.58,140.0,3.1893681705081467,86.15884858400479
3.8367519466511446,1.5136435578358267,29.339407434097453,1.498,4.58,142.985,3.262202406573205,86.15884858400479
3.837782446811578,1.5096219940761462,29.32214232159401,1.5,4.58,146.0,3.3355731886122704,86.15884858400479
3.838428942186608,1.511029638872255,29.292315039764784,1.498,4.58,149.079,3.4105712934459826,86.15884858400479
3.839034044479763,1.5095841013303508,29.27585702953073,1.5,4.58,152.125,3.484694607666399,86.15884858400479
3.839741508986386,1.5115893283243589,29.26639717613473,1.498,4.586,155.172,3.5589407491297074,86.15884858400479
3.840663218289878,1.5114748401469174,29.23995239244245,1.498,4.586,158.235,3.6335711090768816,86.15884858400479
3.8412043070968673,1.5110982830611752,29.224292204118587,1.5,4.586,161.313,3.7085482619317975,86.15884858400479
3.8418360472965,1.509983916067454,29.20253975577092,1.498,4.586,164.422,3.7842246961545394,86.15884858400479
3.842361423617734,1.5111882022804002,29.191114815478883,1.5,4.586,167.485,3.8588409031124717,86.15884858400479
3.843063285768136,1.511593126872716,29.16743236774731,1.498,4.586,170.563,3.933842608956769,86.15884858400479
3.843807100966596,1.5122511132902303,29.147168092765074,1.5,4.586,173.625,4.0084869204200295,86.15884858400479
3.844458013437375,1.5094628383121544,29.14210852308044,1.498,4.591,176.766,4.084915885527617,86.15884858400479
3.8450260085103616,1.5094023952825568,29.123143292467912,1.498,4.591,179.922,4.161706765877004,86.15884858400479
3.8458290513758975,1.5137243038461343,29.10224999501931,1.5,4.591,183.079,4.23874192480117,86.15884858400479
3.846545365396332,1.5103783116246765,29.10114347354953,1.5,4.591,186.188,4.314438125095012,86.15884858400479
3.847375321859349,1.5101547068280998,29.076275304852665,1.5,4.591,189.313,4.390512620318353,86.15884858400479
3.848004477062017,1.5128870218663566,29.05788418726424,1.5,4.591,192.454,4.467114962867733,86.15884858400479
3.848729170932752,1.5109490230187443,29.04536055568791,1.498,4.591,195.563,4.54283976572006,86.15884858400479
3.848997379524016,1.508772501416174,29.023303210064658,1.498,4.591,198.719,4.619598600205018,86.15884858400479
3.8500076080622834,1.5120214760092228,29.00307343774847,1.498,4.596,201.907,4.697302692135505,86.15884858400479
3.85094214836546,1.5106568414757957,28.98493739439414,1.5,4.596,205.063,4.774157392462804,86.15884858400479
3.8513103284707184,1.5111837159682544,28.97695841757468,1.498,4.596,208.204,4.850673491148639,86.15884858400479
3.852127628696184,1.5128965343826437,28.95875736930237,1.498,4.596,211.36,4.927642135902268,86.15884858400479
3.852930878870517,1.5144131027865106,28.94403495730697,1.498,4.596,214.532,5.0050785358546435,86.15884858400479
3.853662051248189,1.5089220757083468,28.92731069197233,1.5,4.596,217.704,5.082234163428471,86.15884858400479
3.8544659615599626,1.5108537134004223,28.910772724378504,1.5,4.596,220.86,5.159098879619305,86.15884858400479
3.854891848727618,1.5092148961380305,28.890161147263555,1.498,4.596,224.047,5.236634410293181,86.15884858400479
3.855426077437055,1.5117877189307334,28.8694291642388,1.498,4.596,227.235,5.314326489245146,86.15884858400479
3.8562087059770183,1.5111219666894071,28.848715993575382,1.5,4.602,230.454,5.3927394969679705,86.15884858400479
3.856893841205113,1.5121907254553748,28.841338605319685,1.5,4.602,233.688,5.471573613101125,86.15884858400479
3.857670485616078,1.5107739266487028,28.82253063512584,1.5,4.602,236.969,5.551478497683479,86.15884858400479
3.858228960972252,1.5119686593473105,28.806634413788835,1.5,4.602,240.219,5.630691006252715,86.15884858400479
3.858844052570698,1.509295093669322,28.7836594925052,1.498,4.602,243.454,5.709398496162726,86.15884858400479
3.8597803421902506,1.510955417536096,28.773616726781743,1.5,4.602,246.766,5.790068038930459,86.15884858400479
3.860280690486199,1.510982203947059,28.758918688223996,1.5,4.602,250.032,5.869618581639172,86.15884858400479
3.86093747502963,1.5087906802873468,28.73686337709875,1.5,4.602,253.282,5.94866459489651,86.15884858400479
3.8618123418069423,1.510099466086941,28.73089960807939,1.5,4.602,256.594,6.029288438624262,86.15884858400479
3.862546295835345,1.5080046223444707,28.72171350664236,1.5,4.607,259.922,6.110189386015852,86.15884858400479
3.863164107315358,1.509338616826008,28.70106839206353,1.5,4.607,263.204,6.190042687695681,86.15884858400479
3.863572784217705,1.5096147108838984,28.6859681636639,1.5,4.607,266.532,6.27103001259984,86.15884858400479
3.864491798302325,1.5123711053616968,28.6705703631118,1.498,4.607,269.844,6.3517751385967465,86.15884858400479
3.865186394186272,1.506777275146019,28.651338637681626,1.5,4.607,273.172,6.432610241660234,86.15884858400479
3.865906565730922,1.5128897379092472,28.639205011943695,1.5,4.607,276.547,6.514919496751256,86.15884858400479
3.8665022883699782,1.5138297066952675,28.624335026658915,1.5,4.607,279.907,6.596913844950519,86.15884858400479
3.867360921625366,1.5079752137443396,28.61080324773571,1.498,4.607,283.282,6.67895572376619,86.15884858400479
3.868011925151431,1.5116279252411005,28.592932904529448,1.5,4.613,286.672,6.76156184333464,86.15884858400479
3.8686532318758298,1.509774210428479,28.572066061760367,1.498,4.613,290.016,6.8429471282964425,86.15884858400479
3.869384707098183,1.5112501522231017,28.559863121622,1.498,4.613,293.407,6.925556965152864,86.15884858400479
3.869910384776676,1.5098173747543149,28.552784461862647,1.5,4.613,296.813,7.008453557753619,86.15884858400479
3.870922723889612,1.5116903561089008,28.541492770873333,1.5,4.613,300.25,7.09220841287387,86.15884858400479
3.871433397254099,1.5109374154045667,28.52483413525826,1.5,4.613,303.719,7.176700958074134,86.15884858400479
3.8722027191638153,1.5077519429038002,28.514168067923272,1.5,4.613,307.204,7.261404251393136,86.15884858400479
3.8726465907132095,1.513352794824849,28.489947326892185,1.498,4.613,310.657,7.345641539817874,86.15884858400479
3.873217674390724,1.517755800661927,28.476966293543335,1.498,4.613,314.172,7.431640826261919,86.15884858400479
3.873786042329048,1.5106515353423278,28.46828517630531,1.498,4.618,317.688,7.517261921701647,86.15884858400479
3.8749719575481447,1.5122230331516653,28.451835637970994,1.498,4.618,321.157,7.601826359433329,86.15884858400479
3.875550213874488,1.51017089572982,28.44044585423856,1.5,4.618,324.625,7.686251696284713,86.15884858400479
3.8761973925632343,1.5111115632932928,28.41702243979016,1.5,4.618,328.094,7.770753979941521,86.15884858400479
3.876967887917598,1.510899591343498,28.401954846824506,1.498,4.618,331.579,7.855634103534434,86.15884858400479
3.8775153227746215,1.507554662932069,28.394761261834105,1.498,4.623,335.063,7.9403020120283845,86.15884858400479
3.878186720531008,1.5131100102528972,28.373318611686194,1.498,4.623,338.579,8.026062449540081,86.15884858400479
3.8786433595639767,1.509895052874119,28.35846237582236,1.5,4.623,342.125,8.11237085845707,86.15884858400479
3.879548485758177,1.5087287854125302,28.35141215349517,1.5,4.623,345.735,8.200169135916072,86.15884858400479
3.8802567168768105,1.5112258976658204,28.33818696043895,1.5,4.623,349.282,8.286577979502267,86.15884858400479
3.88085351270126,1.5086901314546912,28.32199831209049,1.5,4.623,352.844,8.373206636540353,86.15884858400479
3.881694202607084,1.5110653242875152,28.308776846950323,1.498,4.623,356.454,8.461140885481058,86.15884858400479
3.882265108886284,1.509972003692604,28.29383152859633,1.5,4.623,360.047,8.548597715034054,86.15884858400479
3.882932925640981,1.5086435100210336,28.285091496535983,1.5,4.623,363.672,8.636755822183185,86.15884858400479
3.883759246249756,1.5106509655050997,28.26560717887533,1.498,4.623,367.266,8.724276328705823,86.15884858400479
3.8843602902268897,1.5111559390651277,28.24998177434116,1.5,4.623,370.922,8.813336409849555,86.15884858400479
3.884962984289444,1.510837173529253,28.248621918858785,1.498,4.623,374.625,8.903522381999396,86.15884858400479
3.8853329231755582,1.5105820826306289,28.23113038798273,1.498,4.629,378.25,8.991793770311832,86.15884858400479
3.88611126276402,1.5131429670599483,28.216171338363697,1.5,4.629,381.922,9.081361229241853,86.15884858400479
3.8871253343738417,1.508343007288138,28.19235545864193,1.498,4.629,385.641,9.171787351977416,86.15884858400479
3.887588155927246,1.5130613342331245,28.185574200093782,1.498,4.629,389.36,9.262496341414632,86.15884858400479
3.888210534243508,1.5105132728950017,28.18300883378745,1.5,4.629,393.063,9.352662979056365,86.15884858400479
3.888888886126853,1.5119425031090783,28.16725831583982,1.498,4.629,396.782,9.443304893856011,86.15884858400479
3.889403242277874,1.5114927958255056,28.15491553823061,1.5,4.629,400.532,9.534675176084372,86.15884858400479
3.890487637889212,1.511546981217984,28.136769070356387,1.5,4.629,404.266,9.62565887332608,86.15884858400479
3.890999657866978,1.5089521849084733,28.12671975794465,1.498,4.634,408.016,9.716875574712267,86.15884858400479
3.8915152576635297,1.5110487190893456,28.103753388949485,1.5,4.634,411.782,9.80860874434303,86.15884858400479
3.892233411131118,1.5114917171795434,28.09480527168024,1.5,4.634,415.563,9.900734288494252,86.15884858400479
3.892921505342583,1.5099702788279594,28.073406135519026,1.5,4.634,419.329,9.992401987871025,86.15884858400479
3.893547670616496,1.5093059808536868,28.07224219706743,1.5,4.634,423.125,10.0847592635678,86.15884858400479
3.894387509140368,1.5130678987598722,28.05093585158252,1.5,4.634,426.938,10.177761381696579,86.15884858400479
3.895199769668271,1.5144019703337377,28.03092958436751,1.498,4.634,430.797,10.271968465788019,86.15884858400479
3.895632633770157,1.5111375844339547,28.02565919768817,1.498,4.64,434.641,10.36560708552016,86.15884858400479
3.896226415979661,1.5112766314905108,28.010609276724686,1.498,4.64,438.485,10.459254321393272,86.15884858400479
3.89701291657856,1.5118110025413705,28.000566666818827,1.5,4.64,442.344,10.553300227986613,86.15884858400479
3.897952193568349,1.5103486971553586,27.992217825177104,1.498,4.64,446.282,10.649178578575015,86.15884858400479
3.898648840092348,1.5144447959680325,27.98259980032188,1.498,4.64,450.204,10.744926345432445,86.15884858400479
3.898597443782035,1.5113374578876697,27.96488553732116,1.5,4.64,454.157,10.841232907046642,86.15884858400479
3.899453798223412,1.5095197727760925,27.94566287201698,1.5,4.64,458.094,10.93703430313542,86.15884858400479
3.9003500731650855,1.5118329480201933,27.941805371521447,1.5,4.64,462.047,11.033372438737763,86.15884858400479
3.901013889081343,1.5087898268716806,27.931100180456536,1.498,4.64,465.985,11.129151830779795,86.15884858400479
3.9014708968906415,1.5103355193868144,27.915172360027217,1.5,4.64,469.985,11.226538843528711,86.15884858400479
3.902371860304888,1.5120193576443597,27.90198232847004,1.5,4.645,474.0,11.3244000392657,86.15884858400479
3.902991416463344,1.5097251284133906,27.897034519718652,1.5,4.645,478.0,11.421747693770868,86.15884858400479
3.9034379269064976,1.5115593882458929,27.88773036484043,1.498,4.645,482.032,11.519993349478813,86.15884858400479
3.904223719740216,1.5116143558216495,27.86922100102441,1.498,4.645,486.094,11.618973598916327,86.15884858400479
3.9049449230552105,1.5121145330555814,27.859480459892225,1.5,4.645,490.188,11.71876661366741,86.15884858400479
3.905482506198359,1.5129476640399253,27.84265275292765,1.5,4.645,494.297,11.818980444375809,86.15884858400479
3.906178374622629,1.5158059900851764,27.8356828000337,1.498,4.645,498.375,11.918626120311043,86.15884858400479
3.906836465576645,1.5137498894259025,27.82406026216256,1.5,4.645,502.454,12.018161034607358,86.15884858400479
3.9072995430637336,1.5124325976726087,27.817129708890075,1.5,4.65,506.563,12.118340748620932,86.15884858400479
3.9078088163829103,1.5075587101289725,27.80018748773868,1.5,4.65,510.672,12.2181976286378,86.15884858400479
3.908790452886586,1.510860961930683,27.7839550469476,1.5,4.65,514.797,12.318662925044608,86.15884858400479
3.909104051340045,1.50963381824313,27.768310754818955,1.498,4.65,518.938,12.419435989114385,86.15884858400479
3.909932431422619,1.5091424579550954,27.770473072151617,1.498,4.65,523.157,12.522073799887314,86.15884858400479
3.910525142557549,1.5133874974995378,27.75471502232553,1.498,4.65,527.313,12.623463373767041,86.15884858400479
3.9111993082263057,1.50970762757053,27.74034724654296,1.498,4.65,531.5,12.725360849903723,86.15884858400479
3.911635591824309,1.509645973304948,27.724135941290715,1.5,4.65,535.766,12.829176680068985,86.15884858400479
3.912265472052584,1.5108847916306394,27.712038357698844,1.498,4.65,540.0,12.93229832225952,86.15884858400479
3.91301603938315,1.5105603198068962,27.702886703657043,1.5,4.656,544.25,13.035787424473499,86.15884858400479
3.91336126095929,1.509292029388045,27.69458085394737,1.5,4.656,548.485,13.138824686614342,86.15884858400479
3.914011947423496,1.5102366131567162,27.678915788686464,1.5,4.656,552.782,13.243435834018033,86.15884858400479
3.9146098394598,1.5108667270103469,27.672962148155317,1.5,4.656,557.047,13.347311258058783,86.15884858400479
3.915081084802132,1.509100262698182,27.65724259808273,1.5,4.656,561.375,13.452597824743123,86.15884858400479
3.915712376864407,1.5132948766988017,27.64820351491292,1.5,4.656,565.688,13.557811123436123,86.15884858400479
3.9161896358214903,1.5098676095268146,27.63496299098841,1.498,4.656,570.063,13.664295169091362,86.15884858400479
3.916799088877189,1.5098550350322577,27.624547839937573,1.5,4.656,574.469,13.771532837164843,86.15884858400479
3.917521345193411,1.511349227023779,27.61676395412432,1.5,4.656,578.891,13.879266439944526,86.15884858400479
3.9177059414094,1.5114721325775773,27.59620663364297,1.5,4.661,583.297,13.98661896260059,86.15884858400479
3.918553206227361,1.5089183224148603,27.58339925774495,1.5,4.661,587.704,14.093814424435354,86.15884858400479
3.9190863746191194,1.5092430505419103,27.566314673780926,1.498,4.661,592.094,14.200619359943827,86.15884858400479
3.919394734811053,1.510479904519349,27.558470188178266,1.5,4.661,596.516,14.308290994752307,86.15884858400479
3.919736210716032,1.508663186103138,27.54817754528941,1.5,4.661,600.954,14.416222245026965,86.15884858400479
3.920342034460272,1.511575712358577,27.54216315056953,1.5,4.661,605.407,14.524727361476856,86.15884858400479
3.9211310409892848,1.5107693043552248,27.52952562634128,1.5,4.661,609.954,14.635463843822494,86.15884858400479
3.921459064798595,1.5098404265204874,27.52591385427301,1.5,4.661,614.469,14.74535340049882,86.15884858400479
3.922087733437185,1.5083606219933885,27.513939436150093,1.5,4.661,618.969,14.854770529933495,86.15884858400479
3.9225357042702975,1.5093150059882718,27.49607351914611,1.498,4.661,623.516,14.965400415007815,86.15884858400479
3.922953984356896,1.509813521932848,27.486750374147068,1.498,4.661,628.047,15.075677426924807,86.15884858400479
3.923544417507695,1.5112744119751,27.477442032529865,1.498,4.661,632.625,15.187206151221838,86.15884858400479
3.92400102200386,1.510462273734793,27.47000967542561,1.498,4.661,637.188,15.29830970955759,86.15884858400479
3.924426554001103,1.5099748598799902,27.457181417341182,1.498,4.667,641.829,15.411276008948418,86.15884858400479
3.925096548679997,1.511336411870549,27.4484935628463,1.5,4.667,646.454,15.523954364421716,86.15884858400479
3.925665277509703,1.511127320325674,27.4377784029347,1.498,4.667,651.11,15.63737227601221,86.15884858400479
3.925685039699996,1.509132416658394,27.4241581216516,1.5,4.667,655.797,15.751394607907912,86.15884858400479
3.926510710266906,1.5126470455420398,27.41656904949101,1.498,4.667,660.5,15.866072631441385,86.15884858400479
3.926952284388593,1.5126502429508106,27.407502235250163,1.5,4.667,665.188,15.980385136378114,86.15884858400479
3.927463201176811,1.5084326190534998,27.402779298710158,1.5,4.667,669.907,16.095132709647668,86.15884858400479
3.927844840154853,1.511983757267385,27.37859422703101,1.498,4.667,674.641,16.21051602044412,86.15884858400479
3.9282592629945374,1.5090036473574806,27.376729624487005,1.5,4.667,679.375,16.325671911503896,86.15884858400479
3.928704029461218,1.50922649975829,27.36229742276208,1.5,4.667,684.141,16.441623333016835,86.15884858400479
3.929429455745575,1.5101260368521494,27.36598451498487,1.498,4.667,688.938,16.558398509169727,86.15884858400479
3.929629876232165,1.509388142065697,27.356781593868583,1.5,4.672,693.782,16.676260204945873,86.15884858400479
3.93043448909646,1.5113049301767152,27.346856896423287,1.5,4.672,698.579,16.79312654267884,86.15884858400479
3.930564144321696,1.5126914659224922,27.337236578881534,1.498,4.672,703.422,16.911221796224133,86.15884858400479
3.9310552082755694,1.5126564528962572,27.32187491527277,1.498,4.672,708.282,17.029728847152214,86.15884858400479
3.931393535969627,1.5128498632523777,27.30959823120626,1.5,4.672,713.141,17.14822666327186,86.15884858400479
3.932075587339421,1.5116926146938874,27.31049794652047,1.5,4.672,718.032,17.267413631102873,86.15884858400479
3.932505304401297,1.5093364101799764,27.29947863122791,1.498,4.672,723.0,17.388288287640183,86.15884858400479
3.932859240752905,1.511763831891496,27.2893988421383,1.5,4.672,727.969,17.50938171313864,86.15884858400479
3.9332413740798287,1.5125675769118367,27.2816567539425,1.498,4.672,732.907,17.629783654461466,86.15884858400479
3.933671936477637,1.5119176082034116,27.277033448041887,1.498,4.672,737.875,17.75086502530212,86.15884858400479
3.9340599769329128,1.5101449139303398,27.26357952936107,1.5,4.672,742.891,17.87297292723696,86.15884858400479
3.9347869230971617,1.5109856529428232,27.261389304681146,1.498,4.672,747.907,17.995148809983412,86.15884858400479
3.9352015066397312,1.5091516222686736,27.25060729505697,1.498,4.672,752.985,18.118684711399922,86.15884858400479
3.935353002672282,1.5116738459964243,27.242026003007386,1.5,4.672,758.063,18.24242707661847,86.15884858400479
3.9359358233952313,1.511372481578951,27.23580939858313,1.498,4.677,763.157,18.36653458830075,86.15884858400479
3.93632885504768,1.514746833108698,27.233821144576908,1.498,4.677,768.282,18.491676141233146,86.15884858400479
3.936865052440029,1.5078426570416943,27.22322650223849,1.5,4.677,773.438,18.61700080587999,86.15884858400479
3.937308670658159,1.5117762939586814,27.22351015624441,1.5,4.677,778.563,18.74189694626281,86.15884858400479
3.937695807598301,1.5079322076511374,27.21646385854408,1.498,4.677,783.782,18.868760458656723,86.15884858400479
3.938063737608799,1.510300319704747,27.20042764612711,1.498,4.677,788.954,18.994678931433217,86.15884858400479
3.9385628763826577,1.5094338473958882,27.19755803870385,1.5,4.677,794.157,19.12127946245934,86.15884858400479
3.939212594093506,1.5097975407899502,27.18383553602914,1.498,4.677,799.344,19.247521088195203,86.15884858400479
3.9395685063396058,1.508671804426216,27.18475524795792,1.5,4.677,804.579,19.374835942385563,86.15884858400479
3.939961640940104,1.512069638217733,27.17678425048778,1.5,4.677,809.86,19.503558771894706,86.15884858400479
3.940643972756818,1.5080536643250342,27.16374397097833,1.5,4.683,815.172,19.63269332969356,86.15884858400479
3.9409339888941166,1.50982257104451,27.16205969136613,1.498,4.683,820.516,19.762758190385064,86.15884858400479
3.9412853861753416,1.5091374745086548,27.16300711287945,1.5,4.683,825.844,19.892374793843686,86.15884858400479
3.941947914437054,1.5094427170890845,27.148838946528144,1.5,4.683,831.204,20.02279624949353,86.15884858400479
3.9424780314649777,1.511733250151205,27.14623867159282,1.5,4.683,836.563,20.153391246420465,86.15884858400479
3.942537304555096,1.5123898619327634,27.144957644938938,1.498,4.683,841.907,20.28367726841804,86.15884858400479
3.943209823790635,1.510873117842166,27.133943055075644,1.5,4.683,847.297,20.414952978584118,86.15884858400479
3.9438416878381393,1.5093158225321222,27.12823555133231,1.5,4.683,852.735,20.547261234688012,86.15884858400479
3.9438715731764034,1.5103843300480204,27.119902521546823,1.498,4.683,858.219,20.680783144156383,86.15884858400479
3.944606219544352,1.512145234748381,27.122121754490824,1.5,4.683,863.688,20.814095083298,86.15884858400479
3.945131417549816,1.5082899632318438,27.112425285979576,1.5,4.683,869.219,20.94857459287923,86.15884858400479
3.945557225809108,1.509129463948758,27.110464589153757,1.498,4.683,874.735,21.08276404288204,86.15884858400479
3.9461186280715617,1.508831691573293,27.09831243065513,1.5,4.683,880.329,21.218824171311752,86.15884858400479
3.946718441104519,1.5124663697293963,27.084930179883468,1.5,4.688,885.891,21.354431864522365,86.15884858400479
3.9470962726613177,1.5103576229723543,27.085144410621485,1.5,4.688,891.485,21.49062959506058,86.15884858400479
3.947477877539052,1.5099507384979678,27.081266268511055,1.498,4.688,897.11,21.6275451915244,86.15884858400479
3.947947324099377,1.5084865084828618,27.090906768591665,1.5,4.688,902.719,21.76393894699171,86.15884858400479
3.948731563442533,1.5099291558557448,27.089201954005325,1.5,4.688,908.36,21.901242029678915,86.15884858400479
3.9490730613585,1.5087964653935384,27.06804735245406,1.498,4.688,914.032,22.039196093151318,86.15884858400479
3.949521375311363,1.5131330250346198,27.068169093599813,1.5,4.688,919.719,22.177912539814074,86.15884858400479
3.94989352531921,1.5091590693773869,27.055057921535575,1.5,4.688,925.454,22.317432408011044,86.15884858400479
3.9502484955577777,1.5129417805135117,27.04343820633448,1.5,4.688,931.235,22.458423866373707,86.15884858400479
3.951098997678407,1.510784287025524,27.04860520878574,1.498,4.688,937.0,22.598824603530247,86.15884858400479
3.9517083265276858,1.5069701651381924,27.043832437238702,1.498,4.688,942.813,22.740036925530003,86.15884858400479
3.9519719621184937,1.5138633093827314,27.042400629436408,1.498,4.694,948.594,22.881114261420052,86.15884858400479
3.952590758505862,1.5102700234710142,27.04043712926096,1.5,4.694,954.438,23.023390516948478,86.15884858400479
3.953348410359709,1.5146561850928124,27.03440935733787,1.5,4.694,960.266,23.165689312071237,86.15884858400479
3.953550974664626,1.5119601916021916,27.03549617172688,1.5,4.694,966.172,23.309635913777118,86.15884858400479
3.954059246653166,1.5138720579913645,27.027712273830595,1.498,4.694,972.11,23.45454545566932,86.15884858400479
3.95502533313128,1.5078289791988964,27.025622849976216,1.498,4.694,978.047,23.598852240891986,86.15884858400479
3.955240900488762,1.511563149453216,27.015716629662297,1.498,4.694,984.0,23.743906269593687,86.15884858400479
3.955950898267402,1.509164610828872,27.019298963050677,1.498,4.694,989.969,23.889119373549747,86.15884858400479
3.955977602543148,1.5169178281151454,27.02744775267377,1.498,4.694,996.047,24.03774386048433,86.15884858400479
3.957014072726545,1.509579607881021,27.012854704210625,1.5,4.694,1002.079,24.184529973582872,86.15884858400479
3.957491698333437,1.5089842063201486,27.01155970386945,1.498,4.699,1008.11,24.331233866996733,86.15884858400479
3.958079802637216,1.5132372307340884,27.0100816302563,1.5,4.699,1014.204,24.479888033039536,86.15884858400479
3.9586192952345582,1.5151582741780985,26.99873318457462,1.498,4.699,1020.266,24.627949330557282,86.15884858400479
3.95879182505018,1.513660046391258,27.00712800752119,1.498,4.699,1026.344,24.776254626743174,86.15884858400479
3.959588653270841,1.511775920311177,27.00477422717613,1.5,4.699,1032.485,24.925910628406374,86.15884858400479
3.960180951336738,1.509269416471695,27.001579140208392,1.498,4.699,1038.672,25.076437662566974,86.15884858400479
3.960670791186211,1.5084291249659303,26.99901746068952,1.498,4.699,1044.813,25.22576235321839,86.15884858400479
3.9613192929021626,1.51065883816496,26.99502963312049,1.5,4.699,1051.032,25.377207224280323,86.15884858400479
3.961979538657173,1.5064768167350309,26.995965609047506,1.498,4.699,1057.266,25.52859711229065,86.15884858400479
3.962556299422298,1.5070859467734032,26.99362665495748,1.5,4.704,1063.532,25.680825633241604,86.15884858400479
3.963080347693515,1.5117451467628829,26.99141388824357,1.498,4.704,1069.813,25.83389031523548,86.15884858400479
3.9636615980977488,1.510010929704407,27.00227749325672,1.5,4.704,1076.125,25.98753399433868,86.15884858400479
3.964475678314468,1.509301982074082,26.993341539008224,1.5,4.704,1082.454,26.14151914956097,86.15884858400479
3.9646932006411335,1.5128903703115082,26.987123449693375,1.498,4.704,1088.86,26.29774827801082,86.15884858400479
3.9652137714579423,1.5091302374997764,26.995643906068054,1.5,4.704,1095.204,26.452080821008806,86.15884858400479
3.965980266639963,1.5120573076344326,26.987302490941016,1.498,4.704,1101.579,26.607468313197646,86.15884858400479
3.9666413404962735,1.50981968457982,26.98702626281511,1.498,4.704,1108.032,26.764524252842115,86.15884858400479
3.967262331425121,1.5093490278119257,26.99267411300994,1.5,4.704,1114.469,26.921141939754463,86.15884858400479
3.9678300142914216,1.5115842577319647,26.991922792210254,1.5,4.704,1120.922,27.078381435552895,86.15884858400479
3.968291576746598,1.5097119045155505,26.98499708349876,1.5,4.704,1127.532,27.239247025565682,86.15884858400479
3.969053020173107,1.5125054830596016,26.99913198899175,1.5,4.71,1134.032,27.397728291426837,86.15884858400479
3.96930021448442,1.5089185473630926,26.987040499133432,1.498,4.71,1140.579,27.556976939772028,86.15884858400479
3.969953217323383,1.5085666507785072,26.996409088944525,1.5,4.71,1147.172,27.717307088548935,86.15884858400479
3.9707185452045928,1.5124893950019154,26.99824772410149,1.498,4.71,1153.86,27.880370385780644,86.15884858400479
3.97140283950396,1.509381453058738,26.99938400255241,1.5,4.71,1160.485,28.041565735527325,86.15884858400479
3.972047339496751,1.5089484926672645,27.0030827467022,1.5,4.71,1167.141,28.203468903214045,86.15884858400479
3.972719961919169,1.5116665308813575,27.000103342382623,1.5,4.71,1173.829,28.366443486477174,86.15884858400479
3.973212650787656,1.5082218111828356,26.997118218104703,1.5,4.71,1180.563,28.530165073655038,86.15884858400479
3.974042919621023,1.5151356029468812,26.99216079591101,1.498,4.715,1187.297,28.694637171767457,86.15884858400479
3.9744918517202095,1.5114066051249482,26.99616712254629,1.5,4.715,1194.032,28.858728841024796,86.15884858400479
3.97505049168733,1.509142313910914,26.99353074661664,1.5,4.715,1200.813,29.023693744656192,86.15884858400479
3.975657618091577,1.5095573121070502,27.002230975196685,1.5,4.715,1207.625,29.189458372354416,86.15884858400479
3.976468977309394,1.5097292703820464,27.004471733393448,1.5,4.715,1214.5,29.356775112571583,86.15884858400479
3.976968780953571,1.5112397087049076,27.01221478916429,1.498,4.715,1221.422,29.525404230564035,86.15884858400479
3.977593109701264,1.5140704535433185,27.013616637658096,1.5,4.715,1228.297,29.693202085262765,86.15884858400479
3.977844690294827,1.5112811227065552,27.02156746345196,1.498,4.715,1235.188,29.861080602477802,86.15884858400479
3.97869339724753,1.5120391289019754,27.023742938465222,1.498,4.715,1242.125,30.030164535649185,86.15884858400479
3.979456046235394,1.5111965918188923,27.018140207955103,1.5,4.721,1249.11,30.200323562443792,86.15884858400479
3.9798836725995503,1.5114424848546844,27.029990365875733,1.498,4.721,1256.157,30.372020881565824,86.15884858400479
3.98041695786183,1.5106665341626784,27.017077762774328,1.498,4.721,1263.172,30.542850787143262,86.15884858400479
3.9814055218017006,1.5147212568072894,27.02800463215035,1.498,4.721,1270.235,30.715311248460676,86.15884858400479
3.9820581771312087,1.5093237555489096,27.03315826650373,1.498,4.721,1277.297,30.887132840156024,86.15884858400479
3.982497157217589,1.5120400108494467,27.03308948939484,1.5,4.721,1284.391,31.06004362602247,86.15884858400479
3.983342988896119,1.5113581816920767,27.035715981136185,1.498,4.721,1291.532,31.23402151287584,86.15884858400479
3.983688893539037,1.5102589606211307,27.04373153441853,1.5,4.726,1298.688,31.40823804721622,86.15884858400479
3.9846260119863977,1.509645784731398,27.04242410235448,1.498,4.726,1305.907,31.58391699338308,86.15884858400479
3.984906768740927,1.5108522968275606,27.04727049568451,1.498,4.726,1313.094,31.75895697985633,86.15884858400479
3.9857836645726,1.5092110619561412,27.056965149954436,1.5,4.726,1320.36,31.935728782372436,86.15884858400479
3.986423000049153,1.511593189039733,27.06056080905477,1.498,4.726,1327.672,32.11390048337567,86.15884858400479
3.9869086934104905,1.510036383085812,27.06881811363361,1.5,4.726,1334.938,32.290768954613235,86.15884858400479
3.9878737785947904,1.511125073002375,27.07108456980342,1.498,4.726,1342.297,32.470030374314305,86.15884858400479
3.988458757046272,1.511078721269563,27.07326703620505,1.5,4.726,1349.657,32.64931065414567,86.15884858400479
3.988934696813976,1.5086032594195342,27.075882072869383,1.5,4.726,1357.016,32.828272916688185,86.15884858400479
3.989724864081542,1.5093863077970622,27.08834019933084,1.5,4.726,1364.407,33.00810667698274,86.15884858400479
3.9903224276872336,1.512679917091068,27.085360243954256,1.498,4.731,1371.875,33.19021045980969,86.15884858400479
3.991246829098685,1.5103120897282112,27.09678010543914,1.5,4.731,1379.407,33.37358736006731,86.15884858400479
3.9918866800380624,1.512937043585178,27.093893481186715,1.5,4.731,1386.922,33.55686836546543,86.15884858400479
3.992390334255819,1.5110569824651614,27.094382020466533,1.498,4.731,1394.438,33.73994597390577,86.15884858400479
3.992986467934661,1.511085007571948,27.09894544946556,1.498,4.731,1401.969,33.92339236035506,86.15884858400479
3.993743843250033,1.5125470537096193,27.10145321232407,1.5,4.731,1409.516,34.10740635830368,86.15884858400479
3.994344172727402,1.510685628524762,27.11472612226825,1.498,4.731,1417.063,34.29119389831216,86.15884858400479
3.995195562348568,1.5118541187550325,27.110915160010613,1.498,4.731,1424.688,34.47702455111484,86.15884858400479
3.99557088309774,1.5127072142434776,27.119427335031585,1.498,4.737,1432.344,34.66371599731152,86.15884858400479
3.99613624619865,1.5110920814003417,27.122002866660164,1.5,4.737,1439.985,34.84984272692102,86.15884858400479
3.997059238908149,1.5094396721020238,27.13068259019702,1.5,4.737,1447.704,35.037663843582635,86.15884858400479
3.99804925878402,1.5080771149519827,27.13598405598389,1.498,4.737,1455.469,35.22643369185411,86.15884858400479
3.998566654259544,1.5093098407192251,27.131190237032577,1.5,4.737,1463.188,35.41423865346446,86.15884858400479
3.999468124680903,1.511799371576303,27.138390492946144,1.498,4.737,1470.969,35.60386435167515,86.15884858400479
4.000104898334965,1.5122339941798146,27.148524209240207,1.5,4.737,1478.797,35.79469030056989,86.15884858400479
4.000685980078574,1.5098411468799589,27.15839747419089,1.498,4.742,1486.719,35.987502146269854,86.15884858400479
4.001711083113848,1.509450686003509,27.163084168676047,1.5,4.742,1494.594,36.17912050177825,86.15884858400479
4.002234627924541,1.5105313058298573,27.171388743999696,1.5,4.742,1502.5,36.3716308845731,86.15884858400479
4.002904379168947,1.5103136204862702,27.17788315601868,1.498,4.742,1510.36,36.56299358994746,86.15884858400479
4.0036978734345485,1.509058945962747,27.179322326878477,1.5,4.742,1518.313,36.756459657347705,86.15884858400479
4.00492634019915,1.5093415382901714,27.18243424703539,1.498,4.742,1526.204,36.9484534486992,86.15884858400479
4.005350242979258,1.5116869865401996,27.196031894245795,1.498,4.742,1534.141,37.141866542481424,86.15884858400479
4.006167200097533,1.5092848079599206,27.197772277561985,1.5,4.748,1542.079,37.334996618860444,86.15884858400479
4.006841381492088,1.5129912361326712,27.196403867981488,1.498,4.748,1550.141,37.53162528056703,86.15884858400479
4.007791488068944,1.5108787188966135,27.210121676847155,1.498,4.748,1558.157,37.726859045643565,86.15884858400479
4.008458720218029,1.5068040579445352,27.214273649625195,1.498,4.748,1566.235,37.92307225757257,86.15884858400479
4.008988963764497,1.5110284042190414,27.219142082043145,1.498,4.748,1574.313,38.11983555598857,86.15884858400479
4.009921729922,1.510197015634913,27.217904185868612,1.498,4.748,1582.422,38.31724527267025,86.15884858400479
4.010748079042688,1.512724522821268,27.2422015461468,1.498,4.748,1590.594,38.516521651314996,86.15884858400479
4.011867445995959,1.5123989541147986,27.2453853360824,1.498,4.753,1598.797,38.71651092217432,86.15884858400479
4.012725171543216,1.508624629497377,27.255634317171925,1.5,4.753,1607.063,38.91753321014672,86.15884858400479
4.013359253128164,1.5096338677140442,27.25911768615581,1.498,4.753,1615.032,39.11146235139001,86.15884858400479
4.013918756027057,1.5104376618215682,27.26016001697495,1.5,4.753,1623.094,39.30775915003792,86.15884858400479
4.014813125987262,1.511047789542897,27.27306766346165,1.498,4.753,1631.157,39.504159599248844,86.15884858400479
4.01584839040175,1.5111480045299508,27.28550677736881,1.5,4.753,1639.266,39.70169362716038,86.15884858400479
4.0166586528024535,1.5109916421498706,27.287459657371627,1.5,4.753,1647.422,39.90035201022436,86.15884858400479
4.017543244610512,1.5087518334620058,27.293677898095808,1.5,4.758,1655.61,40.0994941924877,86.15884858400479
4.01854380311062,1.5104899502305318,27.294678396041306,1.498,4.758,1663.813,40.29923102975875,86.15884858400479
4.019211885847346,1.5087104407958711,27.31145632442878,1.498,4.758,1672.032,40.499121685808156,86.15884858400479
4.019898698919069,1.5101390847661016,27.31170315032368,1.5,4.758,1680.313,40.70071092679333,86.15884858400479
4.020897283658206,1.5130128101570646,27.31660650739681,1.498,4.758,1688.563,40.901927695602396,86.15884858400479
4.021823234463125,1.510073033644218,27.33706873651345,1.498,4.758,1696.907,41.105041698268614,86.15884858400479
4.022994439552504,1.5148654240580062,27.34158306094089,1.498,4.764,1705.297,41.30992361625962,86.15884858400479
4.023590866496248,1.5083364693219274,27.346354035099758,1.5,4.764,1713.735,41.51508960612904,86.15884858400479
4.024811153579508,1.509941800951706,27.355261593591223,1.5,4.764,1722.11,41.71894050979902,86.15884858400479
4.025296810870692,1.5111818658543434,27.35885917810369,1.498,4.764,1730.547,41.92446917400075,86.15884858400479
4.026400815323824,1.512099933989051,27.368530053691124,1.498,4.764,1739.016,42.1309027065497,86.15884858400479
4.027456061492333,1.5112339149707088,27.37598267476586,1.5,4.764,1747.532,42.338362987301785,86.15884858400479
4.0282550815505695,1.5101375014811174,27.3871543881337,1.498,4.769,1756.094,42.54679255760805,86.15884858400479
4.029296731811528,1.51060957614847,27.38728618489973,1.498,4.769,1764.657,42.75531163495356,86.15884858400479
4.029944045809774,1.5124649749891952,27.397986545540554,1.498,4.769,1773.266,42.96520835452824,86.15884858400479
4.031086590745464,1.510445954556766,27.40489755841306,1.5,4.769,1781.875,43.174824878678535,86.15884858400479
4.0319986399540895,1.5110088562951889,27.41199098420491,1.5,4.769,1790.547,43.38605405042132,86.15884858400479
4.032734391309601,1.507972501283236,27.419140920682683,1.498,4.775,1799.25,43.59761232805416,86.15884858400479
4.034024043857883,1.5115404678665585,27.435495339479186,1.5,4.775,1807.938,43.80930567445654,86.15884858400479
4.034992150984232,1.5123718370461263,27.43683154268392,1.5,4.775,1816.438,44.01653209445097,86.15884858400479
4.035782877443955,1.5093159713032895,27.451464887117886,1.5,4.775,1825.016,44.22523756203624,86.15884858400479
4.036933245735041,1.5109302516800096,27.45857689382722,1.498,4.775,1833.547,44.43302150138073,86.15884858400479
4.037669684565341,1.5095107859947143,27.469528811035936,1.5,4.775,1842.157,44.64253257825621,86.15884858400479
4.039048044414711,1.513046449589745,27.471710674688293,1.5,4.78,1850.766,44.852509993657364,86.15884858400479
4.040093643775852,1.5092640675300155,27.486723046763256,1.5,4.78,1859.469,45.064249469243336,86.15884858400479
4.04115438494369,1.5099340198325228,27.489681149318688,1.498,4.78,1868.25,45.27798147649333,86.15884858400479
4.041538037527102,1.5064268660765552,27.50396502578477,1.498,4.78,1877.0,45.49046424805745,86.15884858400479
4.0429049228498375,1.5092383952283612,27.51097336353724,1.5,4.78,1885.75,45.70334358816396,86.15884858400479
4.044052611449871,1.5125543799426882,27.51737392234065,1.498,4.785,1894.516,45.917080771035515,86.15884858400479
4.044956883074927,1.509190452590632,27.524903583312643,1.498,4.785,1903.297,46.13070752592544,86.15884858400479
4.046290675746919,1.5088998634692852,27.530321244024105,1.5,4.785,1912.172,46.34657956712826,86.15884858400479
4.047033041883418,1.5148783161364234,27.53498292898165,1.5,4.785,1921.016,46.562549901253604,86.15884858400479
4.048333115332596,1.5131520650815893,27.551438035339917,1.498,4.785,1930.016,46.78207930681522,86.15884858400479
4.049256021062936,1.511243218685811,27.55848589685172,1.498,4.791,1938.954,46.9998213694028,86.15884858400479
4.050165397004825,1.510462005684173,27.56187405784592,1.5,4.791,1947.954,47.218960498828885,86.15884858400479
4.051874467466371,1.511364573172107,27.577324702445992,1.5,4.791,1957.016,47.439741100705135,86.15884858400479
4.052789510248332,1.508667169297116,27.579978582606632,1.5,4.791,1966.079,47.66015198485259,86.15884858400479
4.054026749626489,1.5099734656254389,27.594612782416828,1.498,4.791,1975.188,47.881873396402156,86.15884858400479
4.055116665812615,1.5085145931266728,27.60471343476478,1.498,4.796,1984.375,48.10527734727666,86.15884858400479
4.056064380177888,1.509399125056546,27.612247097806303,1.498,4.796,1993.532,48.32808234343744,86.15884858400479
4.057457510236605,1.5097883397101175,27.61377124998433,1.5,4.796,2002.688,48.55092045430883,86.15884858400479
4.058301136283654,1.5106232141532951,27.625069735802004,1.5,4.796,2011.266,48.759806685057974,86.15884858400479
4.05958034881475,1.5115021981313463,27.63809815167691,1.498,4.796,2019.797,48.96766927878549,86.15884858400479
4.060662782646901,1.5106021868923751,27.647932057747123,1.498,4.802,2028.344,49.17579771931455,86.15884858400479
4.0618949385682015,1.5127346071851002,27.645374237386527,1.498,4.802,2036.985,49.3865121915351,86.15884858400479
4.063030741529228,1.5120386699908162,27.665412773676135,1.5,4.802,2045.672,49.598250937630276,86.15884858400479
4.063806238240104,1.510512837897521,27.664971175565977,1.5,4.802,2054.313,49.80865593128095,86.15884858400479
4.064975873017937,1.5098176015168716,27.679490890753254,1.498,4.802,2063.063,50.02161696891972,86.15884858400479
4.06640784696693,1.509580878877607,27.69342604447696,1.498,4.807,2071.813,50.23454461663191,86.15884858400479
4.067325148108557,1.509700894336509,27.699359467078708,1.498,4.807,2080.579,50.44787857699266,86.15884858400479
4.068618687889609,1.5117644203953688,27.70671640318819,1.5,4.807,2089.36,50.66186967846876,86.15884858400479
4.069524558333098,1.5055602588316332,27.718436520999436,1.498,4.807,2098.235,50.87726393629617,86.15884858400479
4.070927627845001,1.5128178315538898,27.73300027618788,1.5,4.812,2107.079,51.09294051511522,86.15884858400479
4.072074469331221,1.509794485661263,27.728983776028382,1.498,4.812,2115.969,51.309305616677236,86.15884858400479
4.073372625561967,1.5130210530108346,27.73910344120785,1.498,4.812,2124.938,51.528059923523095,86.15884858400479
4.074393353379418,1.5104130328193544,27.75577239899768,1.5,4.812,2133.954,51.74758151596712,86.15884858400479
4.075912296107978,1.5118958681249537,27.759624712717084,1.5,4.812,2143.0,51.968049779075024,86.15884858400479
4.076844125030381,1.5100550467353815,27.77467526377744,1.5,4.818,2152.079,52.18905290286947,86.15884858400479
4.078349291538999,1.5104985333961083,27.779882713571965,1.5,4.818,2161.157,52.41009658348459,86.15884858400479
4.079804481752009,1.5102343281279045,27.77901532004224,1.498,4.818,2170.25,52.63146677759822,86.15884858400479
4.081218459459851,1.5118409513573472,27.79306247236335,1.5,4.818,2179.407,52.85463221593135,86.15884858400479
4.081918562991475,1.5093185366626407,27.803577714247982,1.5,4.823,2188.563,53.07740098594162,86.15884858400479
4.084184773888365,1.5143328684737811,27.81983143554936,1.5,4.823,2197.75,53.3016665961635,86.15884858400479
4.085007329063281,1.513871700578462,27.828396588113694,1.5,4.823,2207.0,53.5274013462548,86.15884858400479
4.086124753537466,1.5111689468993603,27.83727689327707,1.5,4.829,2216.235,53.75236768352944,86.15884858400479
4.087181323574498,1.5072670542835638,27.850735576545343,1.5,4.829,2225.547,53.97862404089469,86.15884858400479
4.089092943670621,1.509278313726538,27.854300838466383,1.498,4.829,2234.922,54.20671508087054,86.15884858400479
4.090288200522123,1.5104083068145704,27.86456330177213,1.5,4.829,2244.297,54.43497689206617,86.15884858400479
4.091717644136097,1.5117434154928164,27.87417936985364,1.5,4.834,2253.704,54.664220295114696,86.15884858400479
4.092922972029688,1.510007479758352,27.892968013755496,1.498,4.834,2263.141,54.89393070180139,86.15884858400479
4.094464738318068,1.5081207987283214,27.89835503745223,1.5,4.834,2272.61,55.124132050141824,86.15884858400479
4.095825924649618,1.5098605843500854,27.901704033420124,1.498,4.834,2282.157,55.356497411004845,86.15884858400479
4.096981122575082,1.5116651924673494,27.907574431974947,1.498,4.834,2291.688,55.58875060744556,86.15884858400479
4.098644659252339,1.510639822401946,27.92021592286628,1.498,4.839,2301.266,55.82199079333407,86.15884858400479
4.099993095021487,1.5120404010460282,27.94004187993792,1.5,4.839,2310.875,56.05620282746951,86.15884858400479
4.101618601766415,1.512154316173827,27.95274237324307,1.498,4.839,2320.563,56.2923582165473,86.15884858400479
4.103004229450757,1.5132828057400112,27.95759955612675,1.498,4.839,2330.36,56.53134881826549,86.15884858400479
4.104354688294243,1.5147804218026049,27.96854713696641,1.5,4.845,2340.032,56.76752363567895,86.15884858400479
4.106140246623212,1.5134373006239712,27.979155071602,1.498,4.845,2349.813,57.00614828848731,86.15884858400479
4.107712665351992,1.5096299258518342,27.99240495533205,1.498,4.845,2359.563,57.24341823326819,86.15884858400479
4.109311735535253,1.5072157260870993,28.000028141316854,1.498,4.85,2369.36,57.481450669723785,86.15884858400479
4.110588443566636,1.5085702744668288,28.011565529197203,1.5,4.85,2379.204,57.72083998805061,86.15884858400479
4.112230310862172,1.509061462763153,28.01939967118409,1.498,4.85,2389.172,57.96332370188654,86.15884858400479
4.113836003632658,1.5119362789995423,28.02296842924084,1.5,4.85,2399.016,58.2032471587578,86.15884858400479
4.115693181869883,1.5102186941371905,28.025251956807725,1.5,4.856,2409.0,58.44630634036873,86.15884858400479
4.116963064154887,1.5081706729680968,28.04597687577777,1.498,4.856,2418.969,58.68867122940016,86.15884858400479
4.118155057879935,1.5121363976100612,28.068777001395063,1.5,4.856,2429.016,58.933574726391655,86.15884858400479
4.12025957500478,1.5103343829403375,28.07803466875825,1.5,4.861,2439.079,59.17857591936435,86.15884858400479
4.122004366635979,1.5095398997201277,28.096235132202796,1.498,4.861,2449.157,59.423813242946885,86.15884858400479
4.123453683859879,1.5121054375494027,28.107464539323967,1.5,4.861,2459.313,59.67136863169392,86.15884858400479
4.125060033254067,1.508337264088484,28.12072108678864,1.5,4.866,2469.485,59.918696143971516,86.15884858400479
4.127064877255769,1.5111545782364235,28.12146371142718,1.5,4.866,2479.688,60.167240780082956,86.15884858400479
4.128164762422075,1.5120885862445257,28.139492021339265,1.498,4.866,2489.922,60.41669466100479,86.15884858400479
4.130053807938385,1.5120589888433753,28.15185124415004,1.5,4.872,2500.219,60.66767925490062,86.15884858400479
4.131705807590386,1.511869166348811,28.16269734340445,1.5,4.872,2509.891,60.90340016809448,86.15884858400479
4.133264037790552,1.5103904781920714,28.18103607252303,1.498,4.872,2519.594,61.13964531055765,86.15884858400479
4.134636247760662,1.5131320224551796,28.188219751514318,1.498,4.872,2529.329,61.37709980563483,86.15884858400479
4.136330881734504,1.510260379582791,28.206545769860035,1.498,4.877,2539.016,61.612935070275796,86.15884858400479
4.137883631768931,1.5091237495907022,28.218389446413543,1.498,4.877,2548.829,61.851658073679715,86.15884858400479
4.139749006205573,1.5090259566015212,28.23378030737271,1.498,4.877,2558.625,62.089952071623514,86.15884858400479
4.141386010927722,1.5090984432938868,28.24304623786733,1.5,4.883,2568.5,62.33017933421985,86.15884858400479
4.142763124131746,1.5104478486370048,28.24602268605928,1.5,4.883,2578.344,62.56986659769933,86.15884858400479
4.144846677041063,1.5066364786742477,28.27019777232752,1.498,4.883,2588.219,62.80970195012983,86.15884858400479
4.146220230804591,1.510685875926428,28.280649538138857,1.498,4.883,2598.266,63.05437052265728,86.15884858400479
4.148273046864109,1.5086939481302282,28.301007002329783,1.5,4.888,2608.297,63.29832736068914,86.15884858400479
4.14956880485038,1.5141543660080143,28.30942404964752,1.498,4.888,2618.313,63.542801027307085,86.15884858400479
4.151331746788717,1.5103030662323789,28.32304744142917,1.498,4.888,2628.36,63.78740760051165,86.15884858400479
4.152856400787938,1.5134043565473927,28.33802114249129,1.498,4.893,2638.438,64.03327273727724,86.15884858400479
4.1545043524235625,1.5100444802547657,28.34420628174209,1.5,4.893,2648.61,64.28088018795945,86.15884858400479
4.156291652035507,1.510110002026032,28.363604326996608,1.498,4.893,2658.782,64.52849838248329,86.15884858400479
4.158143745692838,1.5108388827798216,28.384562221076617,1.5,4.899,2668.985,64.77699109510951,86.15884858400479
4.159506107964101,1.5075503849553005,28.402001473510907,1.498,4.899,2679.172,65.0245541078202,86.15884858400479
4.161725504206468,1.511009563211684,28.41617523938593,1.5,4.899,2689.438,65.27460942281341,86.15884858400479
4.16334121067191,1.5094848066065476,28.434712500917,1.5,4.904,2699.766,65.52592105596493,86.15884858400479
4.164790683255312,1.512531134838526,28.457320245928223,1.498,4.904,2710.094,65.77773986727402,86.15884858400479
4.166538897374402,1.5119553273353028,28.479857891269837,1.498,4.904,2720.454,66.03024274501131,86.15884858400479
4.168129442417089,1.509943800037561,28.491928060952016,1.498,4.91,2730.844,66.2831399024166,86.15884858400479
4.1700193542367705,1.510834369094005,28.50923383279293,1.5,4.91,2741.313,66.53811024805,86.15884858400479
4.171672724745912,1.5091622709503174,28.52870853695403,1.498,4.91,2751.782,66.79279840825639,86.15884858400479
4.173508492616719,1.5104595673693717,28.56072091953533,1.5,4.915,2762.313,67.04921512454696,86.15884858400479
4.175104490192444,1.51224222924391,28.582318617301684,1.5,4.915,2772.844,67.30593446681576,86.15884858400479
4.176951817348905,1.5078315231153852,28.603540735063003,1.5,4.915,2783.454,67.56382524909334,86.15884858400479
4.178590315486588,1.5139272935002768,28.636258086099694,1.5,4.921,2794.063,67.82273421202612,86.15884858400479
4.180520268153736,1.509821869299378,28.654043639609505,1.5,4.921,2804.704,68.08171990426872,86.15884858400479
4.182186616227389,1.5132306655906764,28.680652979036868,1.5,4.921,2815.766,68.35155995194214,86.15884858400479
4.184425934205661,1.5132946087587678,28.70737679944221,1.498,4.926,2826.641,68.61684963909684,86.15884858400479
4.186146565505693,1.5099882587670264,28.73131294189293,1.5,4.926,2837.532,68.88194916160842,86.15884858400479
4.187977757481978,1.513128626963007,28.77777148834921,1.5,4.926,2848.891,69.15901537187241,86.15884858400479
4.189840774786391,1.5099162286015255,28.795038502754483,1.5,4.931,2859.922,69.42750984766782,86.15884858400479
4.191902542702117,1.5132448349921306,28.82402248166488,1.5,4.931,2871.032,69.69852331731438,86.15884858400479
4.194081237357602,1.5088867027886468,28.86048136613008,1.498,4.931,2882.125,69.96834277271435,86.15884858400479
4.195691897121393,1.5085227544217474,28.883861902735205,1.5,4.937,2893.297,70.24001823175466,86.15884858400479
4.197987661816183,1.5092825366532303,28.91196121355621,1.5,4.937,2904.5,70.51258474594478,86.15884858400479
4.199845092476158,1.5069085656834167,28.949553878426983,1.5,4.937,2915.75,70.7858642375555,86.15884858400479
4.202014885841541,1.513125731133089,28.974599133092884,1.5,4.942,2927.032,71.06105175423096,86.15884858400479
4.203914747216901,1.5103851005895783,29.016148662098573,1.5,4.942,2938.657,71.34409205135718,86.15884858400479
4.205641194832645,1.509779940982184,29.044778017547294,1.496,4.942,2950.469,71.63157011200344,86.15884858400479
4.206934698831406,1.494005082269848,29.069831058183254,1.482,4.937,2962.11,71.91192619344378,86.15884858400479
4.207497711711032,1.4801269535050874,29.09940208450029,1.469,4.931,2973.797,72.1907755382861,86.15884858400479
4.208414490622663,1.4666675424062907,29.127979779809603,1.456,4.926,2985.547,72.46857868758693,86.15884858400479
4.209371734938025,1.4527848145557578,29.146181417730496,1.443,4.921,2997.329,72.74450170275671,86.15884858400479
4.209953277598044,1.4418237953561146,29.16952656237713,1.43,4.915,3009.094,73.01794780504251,86.15884858400479
4.210189186282997,1.4305182228575724,29.19649916340016,1.418,4.91,3020.282,73.27594410007008,86.15884858400479
4.210504443315772,1.4169304697169638,29.210778719071907,1.406,4.904,3031.438,73.5307589078987,86.15884858400479
4.211736223069769,1.4017691983559395,29.21766041875305,1.394,4.899,3042.704,73.78533280844889,86.15884858400479
4.211352557809117,1.3788126557124645,29.23451496459159,1.371,4.888,3054.0,74.03640439203643,86.15884858400479
4.211506342554588,1.36833435305537,29.241242540226352,1.36,4.883,3065.297,74.28559001191367,86.15884858400479
4.211911420178997,1.3589012783767316,29.248113030029486,1.348,4.877,3076.641,74.53408735069954,86.15884858400479
4.211815728917864,1.3366715187833311,29.266702118707467,1.324,4.866,3088.016,74.77918757958626,86.15884858400479
4.211343164598654,1.316966976534217,29.27324684406094,1.304,4.856,3099.391,75.02067466362215,86.15884858400479
4.211548656976363,1.299467968641261,29.2696278378459,1.292,4.85,3110.829,75.26027271854552,86.15884858400479
4.21187291412265,1.288374351232305,29.26015057813542,1.28,4.845,3122.282,75.49813684469756,86.15884858400479
4.211796745947092,1.2801854213629664,29.26662194357432,1.269,4.839,3133.797,75.73576857842839,86.15884858400479
4.211788096684469,1.2572363715862431,29.260926382253214,1.247,4.829,3145.375,75.97041724948215,86.15884858400479
4.211853479738023,1.2456710988410835,29.2586303839298,1.235,4.823,3156.985,76.20354996653822,86.15884858400479
4.211475141082368,1.2228691103509453,29.247293032143137,1.213,4.812,3168.61,76.43271088464122,86.15884858400479
4.211880720264804,1.2089540135961625,29.234091921199184,1.201,4.807,3180.329,76.66109608241797,86.15884858400479
4.211877441935116,1.1985056314369291,29.22007739397741,1.189,4.802,3191.954,76.88569137927102,86.15884858400479
4.2125497400235385,1.1842270829632409,29.205563964715413,1.178,4.796,3203.672,77.10938628805842,86.15884858400479
4.212735343915676,1.174534946722383,29.18848656630476,1.166,4.791,3215.422,77.33185627374314,86.15884858400479
4.212347621349051,1.15338545455792,29.16598412246084,1.144,4.78,3227.25,77.55177053967167,86.15884858400479
4.212339770640088,1.1420580199039507,29.14228848008053,1.132,4.775,3239.11,77.77011414341872,86.15884858400479
4.212374411855739,1.1286091504001166,29.117214084150696,1.121,4.769,3251.0,77.98643233261224,86.15884858400479
4.212709495122207,1.1180761459869937,29.089149209956584,1.108,4.764,3262.938,78.20159681030144,86.15884858400479
4.212261168303234,1.0989583663651197,29.060565569705076,1.087,4.753,3274.891,78.41334795963274,86.15884858400479
4.212445644813096,1.0851054879798852,29.02913482409668,1.076,4.748,3286.907,78.62353188408437,86.15884858400479
4.212472465257564,1.0727707859821165,29.005182952021062,1.065,4.742,3298.969,78.83212207394197,86.15884858400479
4.212538628631321,1.062116357457822,28.96282067593865,1.054,4.737,3311.032,79.03865773179598,86.15884858400479
4.212863906558764,1.0492576068817667,28.929649928655248,1.042,4.731,3323.079,79.24242229312412,86.15884858400479
4.212074186077581,1.0291379149670112,28.899927069351858,1.021,4.721,3335.297,79.4451164906525,86.15884858400479
4.212053858261108,1.0185964141616208,28.86192716262302,1.009,4.715,3347.485,79.64524188726058,86.15884858400479
4.212220536964625,1.004591096939273,28.83106171410749,0.998,4.71,3359.688,79.84285854657685,86.15884858400479
4.212395465754597,0.9953283478187492,28.785368398335304,0.988,4.704,3372.016,80.0406586963643,86.15884858400479
4.2120178492242974,0.9815890795102904,28.75119043422559,0.975,4.699,3384.313,80.23523793880612,86.15884858400479
4.212238124721352,0.972733999500815,28.712173388573344,0.964,4.694,3396.657,80.42879883577429,86.15884858400479
4.2118748562545285,0.9608501476031884,28.669761859701627,0.954,4.688,3408.985,80.61974718315705,86.15884858400479
4.2121328768494095,0.950725814103297,28.64000254461905,0.941,4.683,3421.391,80.80987894823089,86.15884858400479
4.211938299636907,0.939964079343767,28.58860181187334,0.93,4.677,3433.813,80.99810095498393,86.15884858400479
4.211817677164429,0.92609662329419,28.56033061000469,0.92,4.672,3446.313,81.18471053300027,86.15884858400479
4.211847078666709,0.9153116736967102,28.512226231320504,0.909,4.667,3458.797,81.36891085217533,86.15884858400479
4.211485739545635,0.9016367825846602,28.472858053576854,0.898,4.661,3471.391,81.55195798331242,86.15884858400479
4.21106376913105,0.8918579660814901,28.43984627584619,0.887,4.656,3484.0,81.73323550602414,86.15884858400479
4.211367332198246,0.8832212785719493,28.409315750396285,0.876,4.65,3496.657,81.91344095578039,86.15884858400479
4.211226325952423,0.8705017089892549,28.36105402687021,0.864,4.645,3509.391,82.09213171361458,86.15884858400479
4.210788665742882,0.863343744519132,28.32159466985412,0.854,4.64,3521.5,82.26065489257405,86.15884858400479
4.210671160038881,0.8487074649694716,28.281289484719643,0.842,4.634,3533.672,82.42718301400626,86.15884858400479
4.2103404523811765,0.8426157855848483,28.256429747776757,0.831,4.629,3545.813,82.59209478938324,86.15884858400479
4.210296055510421,0.8242234609662913,28.223521524855595,0.822,4.623,3557.954,82.75340692782243,86.15884858400479
4.210019230341668,0.8162176843204921,28.186716764581213,0.811,4.618,3570.235,82.91499427404206,86.15884858400479
4.209628278707852,0.8072561681550176,28.148879386124253,0.8,4.613,3582.563,83.07541911407381,86.15884858400479
4.209141327624958,0.794904199132193,28.11478088972429,0.789,4.607,3594.954,83.23419654303406,86.15884858400479
4.20888130044604,0.7860688107036756,28.0861888892145,0.778,4.602,3607.36,83.39139922779502,86.15884858400479
4.209275992391564,0.7850348016082411,28.046176672082986,0.777,4.602,3619.688,83.54740804808709,86.15884858400479
4.209873159213871,0.7839748920021883,28.01669492091373,0.776,4.602,3632.079,83.70400241236065,86.15884858400479
4.210118706818805,0.7697613996751176,27.977261193172083,0.765,4.596,3644.625,83.85968105256741,86.15884858400479
4.208910036919016,0.7480373977558379,27.9425756338508,0.744,4.58,3657.157,84.01079735342626,86.15884858400479
4.209261166954414,0.7468061880467329,27.91788745179241,0.743,4.586,3669.719,84.16202608656187,86.15884858400479
4.208281079634988,0.7279594255957611,27.879374599789795,0.723,4.575,3682.391,84.31072916350693,86.15884858400479
4.2084480367943335,0.7294072001177762,27.865159313389324,0.723,4.575,3695.047,84.45953985310989,86.15884858400479
4.20903252840976,0.7281604619040464,27.82798537186261,0.721,4.575,3707.735,84.60847180477819,86.15884858400479
4.209288219316252,0.7255076801332727,27.80063298245651,0.72,4.575,3720.422,84.75684948302926,86.15884858400479
4.21018263342589,0.7250573001908497,27.76981229363095,0.718,4.575,3733.219,84.90642073077291,86.15884858400479
4.210310978173615,0.7115548716014771,27.73789629311849,0.708,4.569,3745.985,85.05285099753135,86.15884858400479
4.209205163540708,0.6914234709068312,27.70680978014792,0.687,4.553,3758.891,85.1966988543643,86.15884858400479
4.20893831677697,0.6826777521750507,27.678103458940875,0.676,4.548,3771.797,85.338727199785,86.15884858400479
4.209364846027539,0.6808020202493446,27.656230643286158,0.676,4.553,3784.672,85.48002509435811,86.15884858400479
4.209647474836112,0.6792699521937524,27.627687339632452,0.675,4.553,3797.875,85.62459658008552,86.15884858400479
4.2097069018588735,0.6716713317565601,27.59498920243624,0.663,4.542,3810.938,85.76603498702119,86.15884858400479
4.208664263555266,0.6487748488409111,27.559047161384104,0.642,4.537,3824.25,85.90525604546454,86.15884858400479
4.208970202092549,0.6491385396468462,27.539473587216065,0.642,4.537,3837.36,86.04244138514417,86.15884858400479
4.209400599756159,0.6478988586336616,27.49912952538405,0.641,4.537,3850.782,86.18262332530307,86.15884858400479
4.209316067462449,0.6366569188359305,27.483264157353247,0.63,4.526,3864.188,86.32020870771308,86.15884858400479
4.209533358751013,0.6353700747377932,27.45683663893872,0.629,4.531,3877.375,86.45527294779706,86.15884858400479
4.21020004055413,0.6332653126325228,27.427264516755425,0.627,4.531,3890.907,86.59341162922641,86.15884858400479
4.209942679176571,0.6233091554843825,27.39630755268064,0.617,4.526,3904.219,86.72716798633397,86.15884858400479
4.209722652392186,0.6109766222901152,27.37204614146246,0.606,4.515,3917.782,86.86074999574497,86.15884858400479
4.208842808303734,0.5900451109313717,27.34793911025358,0.585,4.504,3931.422,86.99048799720929,86.15884858400479
4.2083128746281,0.5799849265715676,27.328610355170376,0.574,4.499,3944.954,87.11700424783486,86.15884858400479
4.2078014995704,0.5689548823075837,27.293838977426123,0.565,4.494,3958.657,87.24268278102598,86.15884858400479
4.207191726987904,0.5590758629581728,27.267398986837332,0.554,4.488,3972.235,87.3650525568013,86.15884858400479
4.206741667124031,0.5482826129866006,27.246712946148648,0.545,4.483,3985.782,87.48478593107,86.15884858400479
4.206058405898285,0.5383448730222308,27.21902766945242,0.534,4.477,3999.61,87.60478767827064,86.15884858400479
4.205572259143843,0.5282479870120113,27.18935407438486,0.524,4.472,4013.344,87.72173829353368,86.15884858400479
4.2049605179416085,0.5195448234575499,27.1635354569612,0.515,4.467,4026.579,87.8325829048319,86.15884858400479
4.205019711631361,0.5181662577654106,27.14046885189618,0.513,4.467,4039.875,87.94364292614519,86.15884858400479
4.205373753643092,0.5153211233649985,27.117823037596843,0.513,4.467,4053.0,88.05267264043525,86.15884858400479
4.205801675418415,0.5155891861083975,27.09275381598642,0.512,4.467,4066.172,88.16214970374837,86.15884858400479
4.205359701976127,0.5054612291786512,27.064489513290457,0.502,4.461,4079.532,88.27100809813672,86.15884858400479
4.204631743821701,0.4949243916204555,27.046713083757098,0.49,4.456,4092.86,88.37734192867708,86.15884858400479
4.205005734985549,0.4939033244474865,27.022653053736228,0.49,4.456,4106.125,88.48295479288839,86.15884858400479
4.205510981573283,0.4946493636426993,26.999069201109,0.49,4.456,4119.547,88.58997907078268,86.15884858400479
4.205761477827925,0.4959964181282627,26.965914420840424,0.489,4.456,4132.938,88.69704694187055,86.15884858400479
4.205767954102144,0.4811047651459326,26.93476676739406,0.478,4.45,4146.516,88.80235050823066,86.15884858400479
4.205097326942564,0.4731108827359737,26.930319730238768,0.468,4.445,4160.11,88.90602640980362,86.15884858400479
4.204530190669707,0.4632457508927434,26.90847669923724,0.458,4.44,4173.688,89.0074210190534,86.15884858400479
4.204752257572583,0.4605297268817171,26.88624400339628,0.458,4.44,4187.313,89.1085700664216,86.15884858400479
4.20519404960487,0.460625968892878,26.858438282225286,0.458,4.44,4200.907,89.2095100666531,86.15884858400479
4.205569803858422,0.4612308647011123,26.834916033903596,0.456,4.44,4214.625,89.31150457231126,86.15884858400479
4.205187967065329,0.4473937538867659,26.808466038156094,0.445,4.434,4228.438,89.41112434478195,86.15884858400479
4.204487157901401,0.4427343389984749,26.793267662010432,0.435,4.429,4242.032,89.50814363439866,86.15884858400479
4.2047480430073065,0.4409775262698348,26.77554652698713,0.435,4.429,4255.688,89.60521867527616,86.15884858400479
4.205116637840243,0.440136687067744,26.74705835544825,0.435,4.429,4269.438,89.70277555143255,86.15884858400479
4.205553834310877,0.4390477367856641,26.72330814805381,0.433,4.429,4283.407,89.80164103097594,86.15884858400479
4.2049201917381485,0.4276146510205613,26.703381029358013,0.422,4.423,4297.188,89.89663607021909,86.15884858400479
4.204630554409211,0.4150590003784419,26.69521395076565,0.413,4.418,4311.079,89.98957784561115,86.15884858400479
4.204653495155455,0.4140721285877402,26.66593203403494,0.413,4.418,4325.079,90.08302619865486,86.15884858400479
4.204800053296667,0.4182679213809533,26.64508783441104,0.411,4.418,4339.11,90.1776304819278,86.15884858400479
4.205443960476372,0.4157378844186132,26.628253694979584,0.411,4.418,4353.297,90.27270798933257,86.15884858400479
4.205725646854424,0.415137487839998,26.59905063042881,0.41,4.418,4367.438,90.36734035398398,86.15884858400479
4.205187534394026,0.4008408016079127,26.582668231528285,0.399,4.413,4381.704,90.45952142691752,86.15884858400479
4.205419801310326,0.4019667640250852,26.56593750779692,0.398,4.413,4395.985,90.55205863276502,86.15884858400479
4.205708802312995,0.4025410370972411,26.538587979162894,0.398,4.413,4410.329,90.64513684964483,86.15884858400479
4.205702595565815,0.3930709339137112,26.51547301336369,0.387,4.407,4424.625,90.73572118188538,86.15884858400479
4.2051262828023335,0.3813130945386091,26.49848353476532,0.377,4.402,4439.11,90.8247576319548,86.15884858400479
4.205297316905175,0.37908474237302,26.480024382698254,0.377,4.402,4453.579,90.91317598859648,86.15884858400479
4.205233537938839,0.381245847843304,26.45404370137543,0.376,4.402,4467.954,91.00152070743745,86.15884858400479
4.205631729489999,0.3796174748945278,26.44604101272058,0.376,4.402,4482.5,91.09053451869305,86.15884858400479
4.205444712881503,0.3660378016362046,26.41667983645864,0.365,4.396,4497.141,91.17692468222741,86.15884858400479
4.205398181998475,0.3695277096729287,26.397549455722515,0.365,4.396,4511.672,91.26348326361364,86.15884858400479
4.205934534527436,0.3649316190501555,26.380756073952032,0.364,4.396,4525.547,91.34510617901184,86.15884858400479
4.205405699652484,0.3565141950657513,26.35966093209852,0.354,4.391,4539.547,91.42556478046185,86.15884858400479
4.205283426479284,0.3609210219495744,26.338192994880668,0.353,4.391,4553.579,91.50720409911618,86.15884858400479
4.205650618322242,0.3554565756744629,26.329006363085263,0.353,4.391,4567.579,91.58742401560421,86.15884858400479
4.205240210732105,0.3448207899804081,26.306013291825305,0.343,4.386,4581.672,91.66576057832559,86.15884858400479
4.205683286695802,0.3437338305547838,26.29839577129108,0.342,4.386,4595.547,91.74264226219803,86.15884858400479
4.204995760944897,0.3327034068231,26.26487857282801,0.333,4.38,4609.625,91.81814554347946,86.15884858400479
4.205319855559277,0.3348236032002404,26.25217830576686,0.331,4.38,4623.75,91.89438365664887,86.15884858400479
4.205355539372013,0.3348173428605307,26.23701595497954,0.331,4.38,4637.985,91.9712140460006,86.15884858400479
4.205669741399977,0.3333656071588943,26.214208408241284,0.331,4.38,4652.344,92.04837766799815,86.15884858400479
4.205163469902683,0.3217346149151379,26.19596636831279,0.32,4.375,4666.657,92.12261050812366,86.15884858400479
4.205377508632286,0.3240992419642019,26.17984938588657,0.32,4.375,4681.047,92.19779121872249,86.15884858400479
4.205609367641064,0.3225714523254606,26.167973010267776,0.32,4.375,4695.407,92.27246153426178,86.15884858400479
4.20495257519573,0.3124646578385333,26.142101766097245,0.31,4.369,4709.75,92.34470665445149,86.15884858400479
4.204866080740855,0.3133920631707271,26.1249884633199,0.31,4.369,4724.094,92.41717125243274,86.15884858400479
4.205012951542487,0.315368738462732,26.11661264658452,0.308,4.369,4738.563,92.49072838220927,86.15884858400479
4.205641014056386,0.3092538263802127,26.094930477462604,0.308,4.369,4753.125,92.56332288342804,86.15884858400479
4.205114498542991,0.3014768971841066,26.0845503154776,0.297,4.364,4767.782,92.6345535062616,86.15884858400479
4.205104269271225,0.3000705726027663,26.061496154281148,0.297,4.364,4782.407,92.70529706430779,86.15884858400479
4.20545472326549,0.2979181540692475,26.05154465882824,0.297,4.364,4797.094,92.77583092899694,86.15884858400479
4.205716465211621,0.2997323007414489,26.03464978908404,0.297,4.364,4811.782,92.84679913523016,86.15884858400479
4.205279369133968,0.2869469612328025,26.02358150331461,0.286,4.359,4826.579,92.91524432324853,86.15884858400479
4.205188874520671,0.2895472677547914,26.000154115103545,0.286,4.359,4841.391,92.98437977287426,86.15884858400479
4.205423677106122,0.2907539918337843,25.98647956760328,0.285,4.359,4856.172,93.05365805659616,86.15884858400479
4.205734831045636,0.2869796207590784,25.972264694647464,0.285,4.359,4871.047,93.12247187369981,86.15884858400479
4.206165507479298,0.2883093642136201,25.955004889466508,0.284,4.359,4885.829,93.19117232079786,86.15884858400479
4.206295512217873,0.285909861332865,25.95036213799193,0.284,4.359,4900.782,93.26008911787243,86.15884858400479
4.206373070837327,0.2870848300397841,25.934722193657755,0.284,4.359,4915.797,93.32957605962612,86.15884858400479
4.206934025445372,0.2877649917212481,25.912576850316974,0.282,4.359,4930.735,93.3988704423754,86.15884858400479
4.20614482436777,0.2776974169311894,25.904544068323556,0.273,4.353,4945.75,93.46608522426678,86.15884858400479
4.205933568988825,0.2647051170656309,25.872418514808235,0.262,4.348,4960.688,93.52982674330256,86.15884858400479
4.205730399900153,0.2659207913454223,25.86518716786132,0.262,4.348,4975.797,93.59459401945827,86.15884858400479
4.20578432438468,0.263860593143399,25.851526720769947,0.262,4.348,4990.907,93.65886377023321,86.15884858400479
4.2060991089695365,0.2644442493897609,25.84405433003805,0.262,4.348,5006.141,93.72380428033318,86.15884858400479
4.2062620601474165,0.2628854342489221,25.82716944054029,0.261,4.348,5019.891,93.78207318293977,86.15884858400479
4.206620503162643,0.2641802953769257,25.812024544968477,0.261,4.348,5033.735,93.84102940271588,86.15884858400479
4.205880601111999,0.2506117309283661,25.78785030607685,0.251,4.342,5047.766,93.89771303053507,86.15884858400479
4.205256437098113,0.243810547089061,25.77651809744515,0.24,4.337,5061.782,93.9527994056202,86.15884858400479
4.205186824360688,0.2431239831841653,25.776262723709163,0.24,4.337,5075.719,94.00742104359415,86.15884858400479
4.205534047740272,0.2454122878033796,25.77123231784486,0.24,4.337,5089.891,94.06348646164835,86.15884858400479
4.205492102348641,0.2411485409259116,25.749119639651926,0.24,4.337,5104.016,94.11839510482054,86.15884858400479
4.205747422859699,0.2406049740906008,25.735971518448213,0.24,4.337,5118.313,94.17384709474489,86.15884858400479
4.206024884521562,0.2413396080300318,25.726875813335518,0.239,4.337,5132.625,94.22952675128904,86.15884858400479
4.205950658327977,0.240813534371819,25.714179237899707,0.239,4.337,5146.985,94.28527136994033,86.15884858400479
4.206314775290692,0.2440849484089744,25.697847715788708,0.239,4.337,5161.157,94.34103355200453,86.15884858400479
4.20656982002267,0.2383199339554962,25.686148050904038,0.237,4.337,5175.454,94.39595891099356,86.15884858400479
4.206018720648541,0.2295924820040471,25.6716662505364,0.228,4.332,5189.829,94.44916154489866,86.15884858400479
4.206170357905236,0.2314941344615421,25.65859611389381,0.228,4.332,5204.313,94.50321159796674,86.15884858400479
4.206123974968717,0.2296883860448151,25.64563907094129,0.227,4.332,5218.782,94.55678449965262,86.15884858400479
4.2062311657062175,0.2316723432284812,25.64334590874389,0.227,4.332,5233.329,94.61111144008385,86.15884858400479
4.206796237712746,0.2255619429049392,25.637303366691704,0.227,4.332,5247.829,94.6638346017832,86.15884858400479
4.206081406008906,0.2196459911123387,25.620402744997303,0.216,4.326,5262.344,94.7152280714131,86.15884858400479
4.205394120190062,0.2079853546224051,25.608938886267005,0.206,4.321,5276.719,94.76342376398549,86.15884858400479
4.205231297115259,0.2078438428301675,25.607288037675502,0.206,4.321,5291.25,94.81210933671605,86.15884858400479
4.205584346461206,0.2088139572422232,25.59110419447925,0.206,4.321,5305.985,94.86170883472549,86.15884858400479
4.205176441371343,0.2094828251997618,25.57843896701364,0.206,4.321,5320.766,94.91162254530784,86.15884858400479
4.205611506253708,0.2074385305602885,25.570257678702745,0.205,4.321,5335.563,94.96110266234918,86.15884858400479
4.205775313370178,0.2048804477270744,25.56357332956957,0.205,4.321,5350.157,95.00930215574083,86.15884858400479
4.205767405110496,0.2076784779863003,25.547054307213,0.205,4.321,5365.11,95.05936176353964,86.15884858400479
4.206218610254557,0.2062544612472183,25.536519411184265,0.205,4.321,5380.063,95.10907812094415,86.15884858400479
4.206420201977408,0.204114243996128,25.5228700407544,0.204,4.321,5395.063,95.15843323830168,86.15884858400479
4.206486683649299,0.204758718787221,25.52138736619744,0.204,4.321,5410.125,95.20814883585878,86.15884858400479
4.206585302398084,0.2068311054645242,25.507179836968373,0.204,4.321,5425.313,95.25878771201958,86.15884858400479
4.206163123296966,0.1932709757057622,25.49476466351861,0.193,4.315,5440.391,95.30576392416832,86.15884858400479
4.205488272991896,0.185517801136794,25.50171835426585,0.183,4.31,5455.657,95.3514178851482,86.15884858400479
4.20535422833014,0.1866775010741179,25.481376859002,0.183,4.31,5470.86,95.39716765263955,86.15884858400479
4.205431382466213,0.1841187286701203,25.480853837800662,0.183,4.31,5485.86,95.44168782567267,86.15884858400479
4.205616099053641,0.1840844004170614,25.457145341232224,0.183,4.31,5500.969,95.48652315102443,86.15884858400479
4.205771315979291,0.1867900478133372,25.44865419435329,0.183,4.31,5516.235,95.53249019840233,86.15884858400479
4.205770632000756,0.1859843704345096,25.43520006473224,0.183,4.31,5531.5,95.57825597904635,86.15884858400479
4.206095396333789,0.1860209869808355,25.42193327763116,0.182,4.31,5546.797,95.62412672767925,86.15884858400479
4.2062664877124165,0.1838649131913524,25.42346081393514,0.182,4.31,5562.25,95.66992818352766,86.15884858400479
4.20628856825199,0.1826362862695849,25.40341029552502,0.182,4.31,5577.766,95.71560906290097,86.15884858400479
4.206549295959095,0.1858203973178152,25.402254202378977,0.18,4.31,5593.204,95.76185270571463,86.15884858400479
4.2066659016125385,0.1848121365037817,25.383250476684253,0.18,4.31,5608.782,95.80826251719418,86.15884858400479
4.2059624856304,0.1757604280011022,25.377599300409333,0.171,4.305,5624.532,95.85288659731725,86.15884858400479
4.206220123678665,0.1730298478473411,25.366001076642476,0.171,4.305,5640.047,95.8961619307642,86.15884858400479
4.20603782747096,0.1748739744092548,25.367115210732024,0.171,4.305,5655.813,95.94060605161138,86.15884858400479
4.206514588085804,0.1722260293244754,25.35712317803953,0.17,4.305,5671.375,95.98381083350867,86.15884858400479
4.206633125623469,0.1701895161012155,25.344265946883368,0.17,4.305,5687.157,96.02710829748963,86.15884858400479
4.206140384943981,0.1655896783897267,25.34031190239769,0.16,4.299,5702.938,96.06923285962134,86.15884858400479
4.206011052194085,0.1617884344771524,25.32480326746918,0.16,4.299,5718.688,96.11030956923796,86.15884858400479
4.205839452792242,0.1637943331931234,25.30720352101569,0.16,4.299,5734.672,96.15251340850286,86.15884858400479
4.2059622982702,0.1604724686321236,25.31173652595363,0.159,4.299,5750.75,96.19410448631808,86.15884858400479
4.206524002842985,0.1601075642010359,25.29488312214089,0.159,4.299,5766.829,96.23560356955369,86.15884858400479
4.206186973134242,0.1613756251755204,25.28981247817987,0.159,4.299,5782.875,96.27734548199093,86.15884858400479
4.206485079608259,0.1636508646300762,25.278055931571505,0.159,4.299,5798.969,96.31980254206469,86.15884858400479
4.20661998400645,0.1640236533653869,25.279396589434807,0.159,4.299,5815.157,96.36260486050061,86.15884858400479
4.206193246204458,0.1478913358858987,25.26570990231218,0.148,4.294,5831.407,96.40134522604575,86.15884858400479
4.206006341398507,0.1516617740892064,25.255401498384163,0.148,4.294,5847.532,96.4407676634548,86.15884858400479
4.206020369028433,0.1504090400627324,25.257449127509272,0.148,4.294,5863.579,96.47967535007655,86.15884858400479
4.206144564589791,0.1506324423707306,25.24204720332021,0.148,4.294,5879.766,96.51898077553855,86.15884858400479
4.205990888245658,0.14946159167599,25.23556980994022,0.148,4.294,5895.922,96.55790599452526,86.15884858400479
4.20652795976412,0.1473476508582989,25.226955907645515,0.148,4.294,5912.344,96.5969124853488,86.15884858400479
4.206683838550849,0.1492213675238812,25.229701403109942,0.148,4.294,5928.688,96.63622736824779,86.15884858400479
4.206055104350926,0.1381188550362831,25.212471970105963,0.137,4.288,5945.282,96.6731737295028,86.15884858400479
4.206061583717337,0.1384189582207402,25.207356589196184,0.137,4.288,5961.907,96.71026953855267,86.15884858400479
4.206078782597639,0.1415229683099675,25.19890714374785,0.137,4.288,5978.5,96.74812420808588,86.15884858400479
4.205703831741323,0.1350634230064577,25.19233534332824,0.137,4.288,5995.079,96.78422059231018,86.15884858400479
4.206588115222757,0.1404893834171294,25.1757895965251,0.137,4.288,6011.813,96.8221181208084,86.15884858400479
4.205560174084404,0.1298664213923902,25.17443434325949,0.126,4.283,6027.391,96.85473002740912,86.15884858400479
4.205820015610208,0.1301973657764579,25.16304757667027,0.126,4.283,6042.969,96.88742504038352,86.15884858400479
4.20552254779557,0.1266939899609875,25.162531302735687,0.126,4.283,6058.344,96.91882569883886,86.15884858400479
4.205250959346619,0.1272596090756475,25.15622358674319,0.126,4.283,6073.938,96.95081580871762,86.15884858400479
4.20574353459341,0.1261284677095119,25.152251467326348,0.126,4.283,6089.438,96.98233045485006,86.15884858400479
4.205751639235156,0.1251830529641296,25.13568289356104,0.126,4.283,6105.063,97.01386112360109,86.15884858400479
4.2058761951789085,0.1250834758900955,25.13438241395054,0.125,4.283,6120.813,97.04561875592864,86.15884858400479
4.206425542250295,0.1282789982099089,25.12909798716528,0.125,4.283,6136.422,97.07789613460454,86.15884858400479
4.206285546393062,0.1248480994459068,25.117275162875423,0.125,4.283,6152.297,97.10984557726638,86.15884858400479
4.206311175721966,0.1267782041584989,25.114849414728138,0.125,4.283,6168.11,97.14216223834752,86.15884858400479
4.20629211551664,0.1265488293597724,25.105976859201867,0.125,4.283,6183.985,97.17454690888313,86.15884858400479
4.206122154825844,0.1216651229011297,25.10447631518949,0.125,4.283,6199.938,97.20583478486164,86.15884858400479
4.206528619484453,0.1255398964902607,25.0922782065811,0.123,4.283,6215.891,97.23811911267948,86.15884858400479
4.206597407879808,0.127942370874621,25.08205276302237,0.123,4.283,6231.657,97.27063559325836,86.15884858400479
4.205915856836236,0.1159957041004794,25.076171905690988,0.114,4.278,6247.594,97.30043558166851,86.15884858400479
4.206012013768561,0.113174224524452,25.077721298054,0.114,4.278,6263.797,97.32999600004604,86.15884858400479
4.206177863101534,0.1149758116598511,25.075606044392337,0.114,4.278,6280.047,97.36011409280562,86.15884858400479
4.20606192940791,0.1183639735428446,25.063704807702017,0.114,4.278,6296.313,97.3911502484596,86.15884858400479
4.206344616819217,0.1173773363387577,25.04850300962339,0.112,4.278,6312.579,97.42192769848786,86.15884858400479
4.206373598036199,0.1152755252194989,25.05360428437509,0.114,4.278,6328.938,97.45232685120368,86.15884858400479
4.206476855394513,0.1167946931987179,25.04568583742656,0.112,4.278,6345.125,97.48280279008928,86.15884858400479
4.20654274169436,0.1135124540956275,25.04492312596441,0.112,4.278,6361.375,97.51253755405801,86.15884858400479
4.206909393100057,0.113626399758062,25.04492912875231,0.112,4.278,6377.641,97.54233147296543,86.15884858400479
4.206670694863373,0.1151215886908433,25.033452804647887,0.112,4.278,6394.0,97.57269003128766,86.15884858400479
4.206855126589802,0.114311929558127,25.02587831615584,0.112,4.278,6410.313,97.60275031041047,86.15884858400479
4.207027614319502,0.1137704119400541,25.016001544839867,0.111,4.278,6426.891,97.63315419553626,86.15884858400479
4.207084989182127,0.1124262556400781,25.011531905244,0.111,4.278,6443.438,97.66314268776523,86.15884858400479
4.207358819474087,0.1111791418820658,24.998191719285,0.111,4.278,6459.907,97.69265873280149,86.15884858400479
4.2077102829108926,0.1150624528133195,24.99363057636348,0.111,4.278,6476.422,97.72329104805152,86.15884858400479
4.206726608821624,0.1022550559140794,24.98419460445469,0.102,4.272,6493.11,97.7507989012968,86.15884858400479
4.2062637533949605,0.0964113422692097,24.983003212782844,0.092,4.267,6509.797,97.7767331703644,86.15884858400479
4.205657774212147,0.0930057195411917,24.980921983353465,0.092,4.267,6526.454,97.80170636257883,86.15884858400479
4.20579969127751,0.0934753509309317,24.973951668103723,0.092,4.267,6543.36,97.82718085773145,86.15884858400479
4.205820625768799,0.0946605187897047,24.978798242566413,0.091,4.267,6560.25,97.8529539273554,86.15884858400479
4.206277809624014,0.0943373278053955,24.974961253647777,0.092,4.267,6576.969,97.87837895800614,86.15884858400479
4.205975275441449,0.0946761888020517,24.972927429990637,0.091,4.267,6593.969,97.90432417489473,86.15884858400479
4.206293260178349,0.0911432414466223,24.966776336504346,0.091,4.267,6611.0,97.9293467635104,86.15884858400479
4.20598177584973,0.0925582339361462,24.966602030818457,0.091,4.267,6628.063,97.95480557159841,86.15884858400479
4.205999715802139,0.0916869575871581,24.954719853711,0.091,4.267,6645.063,97.97993161469914,86.15884858400479
4.206328374496036,0.0943904242450218,24.947865029041647,0.091,4.267,6662.313,98.00617891587252,86.15884858400479
4.205901489657518,0.0870444574770736,24.94882549871893,0.091,4.267,6679.344,98.0300762188009,86.15884858400479
4.206544818412411,0.0916676711480146,24.940094474605548,0.091,4.267,6696.485,98.05540533113512,86.15884858400479
4.206540819707796,0.0929183985216745,24.94886702221254,0.091,4.267,6713.672,98.08114893891499,86.15884858400479
4.206741473966321,0.0920996544454393,24.9256307535866,0.089,4.267,6731.047,98.1069448238526,86.15884858400479
4.20590098426116,0.0800382685475411,24.920882014987413,0.08,4.261,6748.454,98.12940376264066,86.15884858400479
4.206047541155464,0.0794249368079793,24.920013037686854,0.08,4.261,6765.922,98.15176869959792,86.15884858400479
4.2057947304376935,0.0807869742286908,24.917537161906992,0.08,4.261,6783.25,98.1743348458699,86.15884858400479
4.205793973949491,0.0813675462259452,24.907020946263533,0.08,4.261,6800.829,98.19739238756006,86.15884858400479
4.205879102529,0.0821556552071006,24.91544030017952,0.08,4.261,6818.344,98.22058850091156,86.15884858400479
4.2062597377519815,0.0831353208222354,24.906547382429025,0.08,4.261,6836.047,98.2443131645336,86.15884858400479
4.205976289978655,0.078334483176399,24.907743893143262,0.08,4.261,6853.875,98.26682563857008,86.15884858400479
4.206140823326703,0.0801363138735295,24.89758723958972,0.08,4.261,6871.672,98.28981589309296,86.15884858400479
4.206375864297831,0.0805006654797026,24.88519211778537,0.08,4.261,6889.454,98.3128912110326,86.15884858400479
4.206413591424114,0.0827741038140618,24.895162577315848,0.079,4.261,6907.235,98.33661687015761,86.15884858400479
4.206350419103464,0.0830371781526845,24.89167949914223,0.079,4.261,6924.969,98.3603550219932,86.15884858400479
4.206293204581076,0.0809307675057553,24.88872487942753,0.079,4.261,6942.922,98.38377671622602,86.15884858400479
4.206318960572459,0.0771891029883671,24.86587746971332,0.079,4.261,6960.985,98.4062524300157,86.15884858400479
4.206729103255956,0.0809258909120777,24.869011171612577,0.079,4.261,6979.11,98.42989709263738,86.15884858400479
4.205510349041664,0.0675489670525844,24.86531229969566,0.069,4.256,6997.282,98.44968450741854,86.15884858400479
4.205541360573244,0.0703146538849627,24.86469925707195,0.069,4.256,7015.391,98.47021067778307,86.15884858400479
4.205863916883192,0.0710784208241138,24.858764074016083,0.069,4.256,7032.313,98.48959975222964,86.15884858400479
4.206030026332743,0.069914678132376,24.859795303960265,0.069,4.256,7049.391,98.50884719287058,86.15884858400479
4.205655899585298,0.0697057343747591,24.85239989709891,0.069,4.256,7066.5,98.52807194506147,86.15884858400479
4.205974690111134,0.0690346993142341,24.84828323086018,0.069,4.256,7083.672,98.54718173593847,86.15884858400479
4.205976535529121,0.0709232032564493,24.85608046709857,0.069,4.256,7100.547,98.56647473490075,86.15884858400479
4.20610593947362,0.0696389033159048,24.840677469065373,0.068,4.256,7117.719,98.58575177807603,86.15884858400479
4.206113577861753,0.0719846273099864,24.8485612585901,0.068,4.256,7135.0,98.60580463465992,86.15884858400479
4.206238765333682,0.0725696163490158,24.83751147361791,0.068,4.256,7152.375,98.626130416386,86.15884858400479
4.206332702233747,0.0694128245194487,24.830350676347173,0.068,4.256,7169.688,98.64550264845528,86.15884858400479
4.206247583649059,0.0674341042183599,24.82004516748517,0.068,4.256,7187.157,98.66449222387888,86.15884858400479
4.206322445114126,0.0698783804877441,24.811195606884827,0.068,4.256,7204.625,98.6841689858266,86.15884858400479
4.2064163412878015,0.06894505961867,24.81757385964649,0.068,4.256,7222.141,98.70363628508656,86.15884858400479
4.206652145428058,0.0683160977246822,24.804667655437864,0.068,4.256,7239.625,98.72289075053435,86.15884858400479
4.205845580866489,0.0607568095540551,24.810684830608164,0.058,4.25,7257.204,98.74010772135664,86.15884858400479
4.205900116470801,0.0562648880594383,24.814599830624164,0.058,4.25,7274.75,98.75602186234472,86.15884858400479
4.205878876417101,0.0590884983004024,24.80433288736791,0.058,4.25,7292.25,98.7726908267255,86.15884858400479
4.205645823583695,0.0598336292512937,24.799961369674477,0.058,4.25,7309.985,98.78979665689673,86.15884858400479
4.205823612091977,0.0580527912637835,24.7917397625664,0.058,4.25,7327.485,98.80617344658702,86.15884858400479
4.205909926928359,0.0589301726939135,24.79207901077088,0.058,4.25,7345.016,98.82282719580971,86.15884858400479
4.205715267700162,0.0567491288934908,24.78791713750115,0.058,4.25,7362.797,98.8390932793519,86.15884858400479
4.205630682512047,0.0537870072497796,24.78417922940693,0.058,4.25,7380.625,98.85455107718386,86.15884858400479
4.206044468999624,0.0589908320875248,24.788292946309497,0.057,4.25,7398.61,98.87165369462522,86.15884858400479
4.205709552563948,0.0546668652710095,24.784164324486223,0.058,4.25,7416.594,98.887501826709,86.15884858400479
4.206132643353915,0.0586267398420431,24.782033554032623,0.057,4.25,7434.594,98.90451306258483,86.15884858400479
4.2059643307205485,0.05965507119484,24.787681754190675,0.057,4.25,7452.719,98.92194288654073,86.15884858400479
4.206359087494852,0.0603575468143437,24.78701599638365,0.057,4.25,7470.86,98.93959352504086,86.15884858400479
4.206472822049307,0.0565768540158417,24.77179271504313,0.057,4.25,7488.688,98.95585309433208,86.15884858400479
4.206245192478713,0.0603938249520754,24.77056846364671,0.057,4.25,7506.954,98.97363603609709,86.15884858400479
4.20614271131298,0.0550645330982257,24.770700418935423,0.057,4.25,7525.204,98.98983556731115,86.15884858400479
4.20630298348182,0.0567227826681182,24.76349711079816,0.057,4.25,7543.422,99.00649368180984,86.15884858400479
4.206233972036142,0.0575743035107793,24.756621755834868,0.057,4.25,7561.766,99.02351880847607,86.15884858400479
4.206263294770738,0.0581213925422672,24.76034751097299,0.057,4.25,7580.141,99.04073475781324,86.15884858400479
4.206670734475652,0.0575670535416114,24.747862315495595,0.055,4.25,7598.563,99.05783012355293,86.15884858400479
4.205838571741304,0.0492156435093584,24.745111658949728,0.046,4.245,7617.094,99.07253189412717,86.15884858400479
4.205612772722687,0.0462372276966632,24.742315216786963,0.046,4.245,7635.547,99.08628581069311,86.15884858400479
4.205739679825143,0.0483298810012319,24.741416900478946,0.046,4.245,7654.094,99.10073545028423,86.15884858400479
4.2058250416569845,0.0494082415774975,24.74564210552932,0.047,4.245,7672.672,99.11553218792369,86.15884858400479
4.20565564596423,0.0463145700478111,24.73662818823692,0.046,4.245,7691.282,99.12942632652731,86.15884858400479
4.205746307853905,0.0428607494771043,24.72966562413432,0.046,4.245,7710.0,99.14235895558491,86.15884858400479
4.205560487798854,0.0467505777231438,24.726502121860616,0.046,4.245,7728.735,99.15647809727683,86.15884858400479
4.206007265110986,0.0487609399524383,24.73437875010543,0.046,4.245,7747.516,99.1712405458803,86.15884858400479
4.2058081937623175,0.045139135295835,24.735652376023832,0.046,4.245,7766.297,99.18490648762503,86.15884858400479
4.206095585131793,0.0470757680259438,24.73533828859616,0.046,4.245,7785.219,99.19926574795939,86.15884858400479
4.205677367155072,0.0486578384451818,24.73423251039921,0.046,4.245,7804.11,99.21408326301659,86.15884858400479
4.205805698832415,0.0485851595102802,24.726561171241983,0.046,4.245,7823.141,99.22898829318014,86.15884858400479
4.206021588561074,0.0480948099371422,24.726363719214536,0.046,4.245,7842.266,99.24381577068189,86.15884858400479
4.206387691314881,0.047473105050423,24.72955651612141,0.046,4.245,7861.36,99.25842785513613,86.15884858400479
4.205910394337414,0.0427146515089286,24.71611542203287,0.046,4.245,7880.547,99.27163933782788,86.15884858400479
4.205974106999168,0.0458673419551413,24.703773738076308,0.046,4.245,7899.704,99.28580375435934,86.15884858400479
4.206070029922656,0.0457026158078717,24.70810030157369,0.046,4.245,7918.938,99.29997402962053,86.15884858400479
4.2057977906539294,0.0452746748315614,24.71442112554048,0.046,4.245,7938.235,99.31405759952565,86.15884858400479
4.206390938463909,0.0436721817226342,24.70485590847222,0.045,4.245,7957.547,99.32765324271664,86.15884858400479
4.206396240208949,0.0438291948789347,24.703023473804382,0.045,4.245,7976.969,99.3413754842657,86.15884858400479
4.206655431205852,0.0466014151874497,24.700308314172712,0.045,4.245,7996.266,99.35587176261365,86.15884858400479
4.205673269543547,0.0368063424157953,24.69790929341401,0.035,4.24,8015.829,99.36747891628184,86.15884858400479
4.205503607428119,0.0356269052351224,24.70232073787183,0.035,4.24,8033.969,99.37789688378518,86.15884858400479
4.205495629510234,0.0365655834304467,24.69340105393852,0.035,4.24,8052.36,99.38873728781026,86.15884858400479
4.205772518700235,0.0358690593278618,24.693468327412457,0.035,4.24,8070.782,99.39938912163228,86.15884858400479
4.205302064390493,0.0359480091604107,24.692899702371705,0.035,4.24,8089.219,99.41007309302452,86.15884858400479
4.2053579269861086,0.0379456212735186,24.69292936227049,0.035,4.24,8107.704,99.42138012811095,86.15884858400479
4.205398907314964,0.0382678987137227,24.70017096230473,0.035,4.24,8126.266,99.43283069534804,86.15884858400479
4.205567128940504,0.0357250142879993,24.691142599003108,0.035,4.24,8144.844,99.44352959186223,86.15884858400479
4.205608726761328,0.034710379186885,24.67964762809037,0.035,4.24,8163.516,99.45397722258588,86.15884858400479
4.205502237368715,0.035917371890142,24.67610880155029,0.035,4.24,8182.235,99.46481536398692,86.15884858400479
4.205520336716738,0.0363445969947447,24.66844265640468,0.035,4.24,8200.969,99.47579120962439,86.15884858400479
4.20565139462488,0.0352953778144765,24.67190730240029,0.035,4.24,8219.782,99.4864951457219,86.15884858400479
4.205684340620403,0.0352237975058918,24.67118647332782,0.035,4.24,8238.625,99.49719440817773,86.15884858400479
4.205717744807505,0.0357615320871333,24.66313925591667,0.035,4.24,8257.438,99.50803971365148,86.15884858400479
4.205544434470059,0.0376450693908548,24.663019132437142,0.035,4.24,8276.297,99.519484149251,86.15884858400479
4.2055960933911125,0.0356275435460928,24.66469794215766,0.035,4.24,8295.329,99.53041459632497,86.15884858400479
4.205643459211196,0.0368494128558422,24.6672120799621,0.035,4.24,8314.297,99.54168189301875,86.15884858400479
4.205898300716331,0.0355963270345102,24.66415520639684,0.035,4.24,8333.329,99.55260276293994,86.15884858400479
4.205731395623529,0.0345949588782008,24.656714248247017,0.034,4.24,8352.485,99.56328556703382,86.15884858400479
4.205886944083778,0.035471585348963,24.65253583412945,0.034,4.24,8371.641,99.57423907036117,86.15884858400479
4.205623724246843,0.0350112585536254,24.64995085751486,0.034,4.24,8390.86,99.58508598260525,86.15884858400479
4.205556007868822,0.033627412359651,24.64858269596691,0.034,4.24,8410.188,99.59556324893059,86.15884858400479
4.206068803342168,0.0337270564904066,24.66125148240652,0.034,4.24,8429.547,99.60608841548387,86.15884858400479
4.206085239125584,0.0291310898382705,24.656731153642845,0.034,4.24,8448.985,99.61521642170568,86.15884858400479
4.2057635928090615,0.0371299667631788,24.655521168296765,0.034,4.24,8468.469,99.62687834816644,86.15884858400479
4.205791519387345,0.033576553021027,24.647139969934685,0.034,4.24,8487.86,99.63737386749453,86.15884858400479
4.206163013899187,0.0348682975329126,24.646210054948455,0.034,4.24,8507.282,99.64829059098153,86.15884858400479
4.205950643019463,0.0323017188674883,24.63747549274729,0.034,4.24,8526.797,99.65845218420372,86.15884858400479
4.206050343879946,0.0337287897884667,24.639176006720945,0.034,4.24,8546.36,99.66908880877496,86.15884858400479
4.206166423377163,0.0338562913580621,24.640906038469797,0.034,4.24,8565.985,99.67979947944671,86.15884858400479
4.206153148765159,0.033790195643677,24.650198276897857,0.034,4.24,8585.657,99.69051484124046,86.15884858400479
4.206085854541106,0.0311736627069776,24.637716964155008,0.034,4.24,8605.375,99.70042357847018,86.15884858400479
4.206090696457544,0.0373465716626066,24.64049623453254,0.034,4.24,8625.125,99.71231367711513,86.15884858400479
4.206415354594047,0.034077777456529,24.63591659554818,0.034,4.24,8644.969,99.72321472124857,86.15884858400479
4.206436732202138,0.0364524820525219,24.636881093399293,0.034,4.24,8664.813,99.7348754029387,86.15884858400479
4.206512655249647,0.0348304190685164,24.62881607491017,0.034,4.24,8684.766,99.74607840767122,86.15884858400479
4.206394300105769,0.0337279063876573,24.63355477873056,0.034,4.24,8704.735,99.7569354946701,86.15884858400479
4.206584430684482,0.03307260787686,24.62421144945833,0.034,4.24,8724.782,99.76762322406316,86.15884858400479
4.206428107446119,0.0338754829012962,24.6268050934212,0.032,4.24,8744.875,99.77859552969272,86.15884858400479
4.206815424138256,0.034940505346843,24.61807080594919,0.032,4.24,8764.969,99.78991336049108,86.15884858400479
4.206773179529586,0.0337105302594136,24.62102060779037,0.032,4.24,8785.141,99.80087516772221,86.15884858400479
4.2067995296568,0.0356623954594826,24.621257943570484,0.032,4.24,8805.344,99.81248949320147,86.15884858400479
4.2068397117584135,0.0323961368293411,24.62205673431085,0.032,4.24,8825.594,99.82306462696079,86.15884858400479
4.206718994394227,0.0341721081454457,24.611976813466352,0.032,4.24,8845.829,99.8342112316155,86.15884858400479
4.206734760983185,0.0323064389835373,24.612734205752087,0.032,4.24,8866.094,99.84476489687644,86.15884858400479
4.206936115186978,0.0330535325089655,24.61404947231878,0.032,4.24,8886.422,99.85559618601862,86.15884858400479
4.207153268590385,0.034730370871985,24.6144527079347,0.032,4.24,8906.766,99.86698591487138,86.15884858400479
4.207064573664056,0.0328865272609489,24.60997050693317,0.032,4.24,8927.141,99.87778739447616,86.15884858400479
4.2071202348899215,0.0336813421291615,24.60719615411193,0.032,4.24,8947.375,99.88877337315009,86.15884858400479
4.206990060381033,0.0315922365731289,24.61110888010909,0.032,4.24,8967.829,99.89918997924528,86.15884858400479
4.206913331292959,0.0307089524370757,24.59905786823387,0.031,4.24,8988.329,99.9093381199455,86.15884858400479
4.2069357955740765,0.0355884935578713,24.60525022788269,0.031,4.24,9008.844,99.9211073687313,86.15884858400479
4.20703320834548,0.0308939638525327,24.59781660109993,0.031,4.24,9028.188,99.93074094488139,86.15884858400479
4.206987358611185,0.0331509608050227,24.606332062811784,0.031,4.24,9047.579,99.94110343056167,86.15884858400479
4.2071583502029775,0.0299381388442709,24.59678141394272,0.031,4.24,9067.016,99.95048383686738,86.15884858400479
4.207292959600668,0.0319801148401401,24.6003746613567,0.031,4.24,9086.5,99.96052827751691,86.15884858400479
4.207338823769055,0.0325189594862651,24.588334332873952,0.031,4.24,9106.047,99.97077498576964,86.15884858400479
4.206985333312376,0.0352458927065489,24.60328188555404,0.031,4.24,9125.61,99.98189004002295,86.15884858400479
4.207322477867848,0.0300782554573121,24.597246872414164,0.031,4.24,9145.25,99.9914127760134,86.15884858400479
4.207681224292145,0.0304055210663226,24.600979359768136,0.031,4.24,9164.782,100.00098618875349,86.15884858400479
4.206863133353331,0.0215302405759622,24.597891016063198,0.021,4.234,9184.5,100.00782970593545,86.15884858400479
4.205834047463338,0.0137151140533661,24.6011829568848,0.012,4.229,9204.125,100.01216857661379,86.15884858400479
4.130752079346285,0.0011757592349953,24.927838842329344,-0.002,0.003,9223.954,100.01254440261964,86.15884858400479
4.165904656407539,-0.0035636769616388,25.21311992116841,0.0,0.003,9243.672,100.01141166634426,86.15884858400479
4.174708533661442,-0.002386597224394,25.233969845360782,-0.002,0.003,9263.547,100.01064703185077,86.15884858400479
4.179188601009028,-0.0012436276501335,25.223905075660277,0.0,0.003,9283.422,100.0102485898394,86.15884858400479
4.182040438619677,-0.0045888526127097,25.20528520887904,0.0,0.003,9303.344,100.0087749048434,86.15884858400479
4.183896971917416,-0.0015090389161262,25.179481201312093,0.0,0.003,9323.219,100.00829142853851,86.15884858400479
4.185132047879614,-0.0011016003904392,25.15992685514649,0.0,0.003,9343.094,100.00793849020104,86.15884858400479
4.185874762924572,-0.0047194256271812,25.149368370870217,0.0,0.003,9363.125,100.00641457993575,86.15884858400479
4.18672001848316,-0.0020289070828269,25.1286408895121,0.0,0.003,9383.329,100.00575378434691,86.15884858400479
4.187199668277934,-0.0013154267790741,25.101281041445805,0.0,0.003,9403.469,100.00532671956151,86.15884858400479
4.1874785806700485,-0.0022544565071659,25.09496389988708,0.0,0.003,9423.75,100.0045896663489,86.15884858400479
4.187802467651391,-0.0007432643918623,25.07242899616109,0.0,0.003,9443.766,100.00434984478173,86.15884858400479
4.188267829737209,-0.0020301597947273,25.06688905591714,0.0,0.003,9464.172,100.0036820304698,86.15884858400479
4.188491853673795,-0.0028336933247301,25.060040100382537,0.0,0.003,9484.375,100.00275916939563,86.15884858400479
4.188389128640027,-0.002986567530131,25.04611971090553,0.0,0.003,9504.797,100.00177597764022,86.15884858400479
4.188820443866062,-0.0010997406590271,25.033417654148856,0.0,0.003,9525.25,100.00141338839586,86.15884858400479
4.188769924011286,-0.0035496289205296,25.01732794672832,0.0,0.003,9545.813,100.00023676617273,86.15884858400479
4.188892887339454,-0.0025880094257387,25.01303237480586,-0.002,0.003,9566.297,99.99938219500132,86.15884858400479
4.189108185681532,0.001862432912585,25.004315058030095,0.0,0.003,9586.875,99.99999999999989,86.15884858400479
